first_name,last_name,nickname,weight_class,record,uri
Asjabharan,_,,Bantamweight,0-0-0 (W-L-D),/athlete/asjabharan
Angga,-,,Featherweight,0-1-0 (W-L-D),/athlete/angga
Nariman,Abbassov,,Lightweight,0-1-0 (W-L-D),/athlete/nariman-abbassov
Hamdy,Abdelwahab,"""The Hammer""",Heavyweight,5-0-0 (W-L-D),/athlete/hamdy-abdelwahab
John,Adajar,,Welterweight,0-1-0 (W-L-D),/athlete/john-adajar
Anthony,Adams,,Middleweight,8-2-0 (W-L-D),/athlete/anthony-adams
Israel,Adesanya,"""The Last Stylebender""",Middleweight,23-2-0 (W-L-D),/athlete/israel-adesanya
Mariya,Agapova,"""Demonslayer""",Women's Flyweight,10-4-0 (W-L-D),/athlete/mariya-agapova
Fabio,Agu,,Middleweight,0-0-0 (W-L-D),/athlete/fabio-agu
Jesus,Aguilar,,Flyweight,8-2-0 (W-L-D),/athlete/jesus-aguilar
Nick,Aguirre,"""Slick """,Featherweight,7-1-0 (W-L-D),/athlete/nick-aguirre
Ashiek,Ajim,,Bantamweight,0-1-0 (W-L-D),/athlete/ashiek-ajim
Herdem,Alacabek,,Light Heavyweight,0-0-0 (W-L-D),/athlete/herdem-alacabek
Alatengheili,,"""The Mongolian Knight""",Bantamweight,16-8-1 (W-L-D),/athlete/heili-alateng
Amir,Albazi,"""The Prince""",Flyweight,16-1-0 (W-L-D),/athlete/amir-albazi
Irene,Aldana,,Women's Bantamweight,14-6-0 (W-L-D),/athlete/irene-aldana
Jose,Alday,,Bantamweight,0-1-0 (W-L-D),/athlete/dzhonatan-martinez-0
JJ,Aldrich,,Women's Flyweight,11-5-0 (W-L-D),/athlete/jj-aldrich
Irina,Alekseeva,,Women's Bantamweight,0-0-0 (W-L-D),/athlete/irina-alekseeva
Lucas,Alexander,"""The Lion """,Featherweight,7-3-0 (W-L-D),/athlete/lucas-alexander
Marcio,Alexandre,"""Lyoto""",Middleweight,13-3-0 (W-L-D),/athlete/marcio-alexandre
Bill,Algeo,"""Senor Perfecto""",Featherweight,16-7-0 (W-L-D),/athlete/bill-algeo
Abdul,Razak,,Middleweight,12-5-0 (W-L-D),/athlete/abdul-razak-alhassan
Nurullo,Aliev,"""Tajik Eagle """,Lightweight,9-0-0 (W-L-D),/athlete/nurullo-aliev
Ikram,Aliskerov,,Middleweight,1-0-0 (W-L-D),/athlete/ikram-aliskerov
Leon,Aliu,,Middleweight,0-1-0 (W-L-D),/athlete/leon-aliu
Brendan,Allen,"""All In""",Middleweight,21-5-0 (W-L-D),/athlete/brendan-allen
Arnold,Allen,"""Almighty""",Featherweight,19-1-0 (W-L-D),/athlete/arnold-allen
Lucas,Almeida,,Featherweight,14-1-0 (W-L-D),/athlete/kori-makkenna-11
Estefani,Almeida,,Women's Flyweight,0-0-0 (W-L-D),/athlete/estefani-almeida
Jailton,Almeida,"""Malhadinho""",Heavyweight,18-2-0 (W-L-D),/athlete/kori-makkenna-10
Victor,Altamirano,"""El Magnifico""",Flyweight,2-1-0 (W-L-D),/athlete/kori-makkenna-4
Jaime,Alvarez,,Flyweight,7-1-0 (W-L-D),/athlete/jaime-alvarez
Joel,Álvarez,"""El Fenomeno""",Lightweight,19-3-0 (W-L-D),/athlete/joel-alvarez
Warlley,Alves,,Welterweight,15-6-0 (W-L-D),/athlete/warlley-alves
Rafael,Alves,"""The Turn""",Lightweight,20-12-0 (W-L-D),/athlete/rafael-alves
Rayanne,Amanda,,Women's Strawweight,0-1-0 (W-L-D),/athlete/rayanne-amanda
Makwan,Amirkhani,"""Mr. Finland""",Featherweight,17-8-0 (W-L-D),/athlete/makwan-amirkhani
Jaqueline,Amorim,,Women's Strawweight,0-0-0 (W-L-D),/athlete/jaqueline-amorim
Eryk,Anders,"""Ya Boi""",Middleweight,15-7-0 (W-L-D),/athlete/eryk-anders
Tatsuya,Ando,,Bantamweight,0-0-0 (W-L-D),/athlete/tatsuya-ando
Jessica,Andrade,"""Bate Estaca""",Women's Flyweight,24-10-0 (W-L-D),/athlete/jessica-andrade
Juan,Andres,,Flyweight,0-1-0 (W-L-D),/athlete/juan-andres-luna
Julius,Anglickas,,Light Heavyweight,0-0-0 (W-L-D),/athlete/julius-anglickas
Chad,Anheliger,"""The Monster""",Bantamweight,12-6-0 (W-L-D),/athlete/meyson-dzhons-0
Magomed,Ankalaev,,Light Heavyweight,18-1-1 (W-L-D),/athlete/magomed-ankalaev
Adam,Antolin,"""Captain Chaos""",Flyweight,13-3-0 (W-L-D),/athlete/adam-antolin
Aoriqileng,,"""The Mongolian Murderer""",Bantamweight,24-9-0 (W-L-D),/athlete/aoriqileng
Josh,Appelt,,Heavyweight,15-7-0 (W-L-D),/athlete/josh-appelt
Travis,Aragon,"""Tenacious""",Middleweight,0-0-0 (W-L-D),/athlete/travis-aragon
Viviane,Araújo,"""Vivi""",Women's Flyweight,11-5-0 (W-L-D),/athlete/viviane-araujo
Julio,Arce,,Bantamweight,18-6-0 (W-L-D),/athlete/julio-arce
Carrese,Archer,"""One Punch""",Middleweight,0-0-0 (W-L-D),/athlete/carrese-archer
Dan,Argueta,"""The Determined""",Featherweight,9-1-0 (W-L-D),/athlete/daniel-argueta
Hashem,Arkhagha,,Middleweight,0-1-0 (W-L-D),/athlete/manon-firot-1
Andrei,Arlovski,"""The Pit Bull""",Heavyweight,34-21-0 (W-L-D),/athlete/andrei-arlovski
Garrett,Armfield,,Bantamweight,8-3-0 (W-L-D),/athlete/garrett-armfield
Alex,Asbury,"""Anax Religion""",Welterweight,0-0-0 (W-L-D),/athlete/alex-asbury
Teddy,Ash,,Middleweight,0-0-0 (W-L-D),/athlete/teddy-ash
Arman,Ashimov,,Flyweight,0-0-0 (W-L-D),/athlete/arman-ashimov
Yanal,Ashmoz,,Lightweight,0-0-0 (W-L-D),/athlete/yanal-ashmoz
Khusein,Askhabov,"""Nohcho""",Featherweight,23-1-0 (W-L-D),/athlete/khusein-askhabov
Ibo,Aslan,,Light Heavyweight,0-0-0 (W-L-D),/athlete/ibo-aslan
Tom,Aspinall,,Heavyweight,12-3-0 (W-L-D),/athlete/tom-aspinall
Bruno,Assis,,Middleweight,0-0-0 (W-L-D),/athlete/bruno-assis
Raphael,Assunção,,Bantamweight,28-9-0 (W-L-D),/athlete/raphael-assuncao
Jose,Augusto,,Light Heavyweight,0-0-0 (W-L-D),/athlete/jose-augusto
Julia,Avila,"""Raging Panda""",Women's Bantamweight,9-2-0 (W-L-D),/athlete/julia-avila
Ottman,Azaitar,"""Bulldozer""",Lightweight,13-1-0 (W-L-D),/athlete/ottman-azaitar
Abu,Azaitar,"""Captain Morocco""",Middleweight,14-3-1 (W-L-D),/athlete/abu-azaitar
Miguel,Baeza,"""Caramel Thunder""",Welterweight,10-3-0 (W-L-D),/athlete/miguel-baeza
Melsik,Baghdasaryan,"""The Gun""",Featherweight,7-2-0 (W-L-D),/athlete/melsik-baghdasaryan
Ignacio,Bahamondes,"""La Jaula""",Lightweight,13-4-0 (W-L-D),/athlete/ignacio-bahamondes
Maycee,Barber,"""The Future""",Women's Flyweight,11-2-0 (W-L-D),/athlete/maycee-barber
Bryan,Barberena,"""Bam Bam""",Welterweight,18-9-0 (W-L-D),/athlete/bryan-barberena
Edson,Barboza,"""Junior""",Featherweight,22-11-0 (W-L-D),/athlete/edson-barboza
Raoni,Barcelos,,Bantamweight,17-4-0 (W-L-D),/athlete/raoni-barcelos
Daniel,Barez,,Flyweight,0-1-0 (W-L-D),/athlete/lyudovit-klayn-1
Shonte,Barnes,"""Shyne""",Middleweight,0-1-0 (W-L-D),/athlete/lyudovit-klayn-5
James,Barnes,"""Mooka""",Bantamweight,0-1-0 (W-L-D),/athlete/james-barnes
Chris,Barnett,"""Beastboy""",Heavyweight,23-8-0 (W-L-D),/athlete/chris-barnett
Marc-Andre,Barriault,"""Powerbar""",Middleweight,15-6-0 (W-L-D),/athlete/marc-andre-barriault
Javid,Basharat,"""The Snow Leopard""",Bantamweight,14-0-0 (W-L-D),/athlete/trevin-dzhayls-4
Farid,Basharat,"""Ferocious""",Bantamweight,10-0-0 (W-L-D),/athlete/farid-basharat
Ron,Bata,"""Wolverine""",Heavyweight,0-0-0 (W-L-D),/athlete/ron-bata
Bryan,Battle,"""Pooh Bear""",Welterweight,9-2-0 (W-L-D),/athlete/shavkat-rakhmonov-0
Mario,Bautista,,Bantamweight,11-2-0 (W-L-D),/athlete/mario-bautista
Donavan,Beard,,Middleweight,0-1-0 (W-L-D),/athlete/donavan-beard
Rolando,Bedoya,,Welterweight,0-0-0 (W-L-D),/athlete/rolando-bedoya
Allan,Begosso,"""Mini""",Bantamweight,0-1-0 (W-L-D),/athlete/allan-begosso
Diana,Belbita,"""The Warrior Princess""",Women's Strawweight,14-7-0 (W-L-D),/athlete/diana-belbita
Rodolfo,Bellato,,Light Heavyweight,0-1-0 (W-L-D),/athlete/rodolfo-bellato
Gabriel,Benitez,"""Moggly""",Lightweight,23-11-0 (W-L-D),/athlete/gabriel-benitez
Kenneth,Bergh,,Light Heavyweight,6-0-0 (W-L-D),/athlete/kenneth-bergh
Anton,Berzin,"""The Body Snatcher""",Light Heavyweight,5-2-0 (W-L-D),/athlete/anton-berzin
Khadzhimurat,Bestaev,,Middleweight,0-1-0 (W-L-D),/athlete/khadzhimurat-bestaev
Blake,Bilder,"""El Animal""",Featherweight,8-0-1 (W-L-D),/athlete/blake-bilder
Jonas,Bilharinho,,Featherweight,1-0-0 (W-L-D),/athlete/glover-teysheyra
Xie,Bin,,Featherweight,0-2-0 (W-L-D),/athlete/guram-kutateladze-2
Chris,Birchler,,Light Heavyweight,7-4-0 (W-L-D),/athlete/shon-bredi-0
Caio,Bittencourt,,Middleweight,0-1-0 (W-L-D),/athlete/kori-makkenna-9
Simon,Biyong,,Light Heavyweight,0-0-0 (W-L-D),/athlete/simon-biyong
Jan,Błachowicz,,Light Heavyweight,29-9-1 (W-L-D),/athlete/jan-blachowicz
Sherrard,Blackledge,,Lightweight,1-1-0 (W-L-D),/athlete/sherrard-blackledge
Da'Mon,Blackshear,,Bantamweight,12-5-1 (W-L-D),/athlete/damon-blackshear
Erin,Blanchfield,"""Cold Blooded""",Women's Flyweight,11-1-0 (W-L-D),/athlete/erin-blanchfield
Curtis,Blaydes,"""Razor""",Heavyweight,17-3-0 (W-L-D),/athlete/curtis-blaydes
Tereza,Bleda,,Women's Flyweight,6-1-0 (W-L-D),/athlete/tereza-bleda
Dashawn,Boatwright,"""Buck, the 400-pound Silverback""",Light Heavyweight,3-2-0 (W-L-D),/athlete/dashawn-boatwright
Mandy,Böhm,"""Monster""",Women's Flyweight,7-2-0 (W-L-D),/athlete/viktoriya-leonardo-0
Gaston,Bolanos,,Bantamweight,0-0-0 (W-L-D),/athlete/gaston-bolanos
Denys,Bondar,"""Psycho""",Flyweight,16-4-0 (W-L-D),/athlete/denys-bondar
Gabriel,Bonfim,"""Marretinha""",Welterweight,14-0-0 (W-L-D),/athlete/gabriel-bonfim
Ismael,Bonfim,"""Marreta""",Lightweight,19-3-0 (W-L-D),/athlete/ismael-bonfim
Caio,Borralho,"""The Natural""",Middleweight,13-1-0 (W-L-D),/athlete/mario-souza-3
Zach,Borrego,,Middleweight,0-1-0 (W-L-D),/athlete/zach-borrego
Viacheslav,Borshchev,"""Slava Claus""",Lightweight,6-3-0 (W-L-D),/athlete/viacheslav-borshchev
Tanner,Boser,"""The Bulldozer""",Heavyweight,20-9-1 (W-L-D),/athlete/tanner-boser
Kyron,Bowen,,Middleweight,0-1-0 (W-L-D),/athlete/kyron-bowen
Anvar,Boynazarov,,Featherweight,0-1-0 (W-L-D),/athlete/anvar-boynazarov
Sean,Brady,,Welterweight,15-1-0 (W-L-D),/athlete/sean-brady
Ramiz,Brahimaj,,Welterweight,10-4-0 (W-L-D),/athlete/ramiz-brahimaj
Bruna,Brasil,,Women's Strawweight,8-2-1 (W-L-D),/athlete/bruna-brasil
Mike,Breeden,"""Money""",Lightweight,10-5-0 (W-L-D),/athlete/aleks-oliveyra-0
Elves,Brener,,Lightweight,14-3-0 (W-L-D),/athlete/elves-brener
Marcos,Brigagao,,Light Heavyweight,0-0-0 (W-L-D),/athlete/marcos-brigagao
Joanderson,Brito,"""Tubarao""",Featherweight,14-3-1 (W-L-D),/athlete/kori-makkenna-3
TJ,Brown,"""Downtown""",Featherweight,17-9-0 (W-L-D),/athlete/tj-brown
Randy,Brown,"""Rudeboy""",Welterweight,16-5-0 (W-L-D),/athlete/randy-brown
Matt,Brown,"""The Immortal""",Welterweight,25-19-0 (W-L-D),/athlete/matt-brown
Travis,Browne,"""Hapa""",Heavyweight,18-7-1 (W-L-D),/athlete/travis-browne
Cody,Brundage,,Middleweight,8-3-0 (W-L-D),/athlete/dzhonatan-pirs-1
Derek,Brunson,"""The 1""",Middleweight,23-9-0 (W-L-D),/athlete/derek-brunson
Dennis,Bryant,"""The Beard""",Light Heavyweight,5-2-0 (W-L-D),/athlete/dennis-bryant
Lukasz,Brzeski,"""The Bull""",Heavyweight,8-2-1 (W-L-D),/athlete/kori-makkenna-5
Joaquin,Buckley,"""New Mansa""",Middleweight,15-6-0 (W-L-D),/athlete/joaquin-buckley
Martin,Buday,"""Badys""",Heavyweight,3-0-0 (W-L-D),/athlete/mariya-agapova-2
Modestas,Bukauskas,"""The Baltic Gladiator""",Light Heavyweight,14-5-0 (W-L-D),/athlete/modestas-bukauskas
Wuliji,Buren,"""Beast Master""",Bantamweight,10-8-0 (W-L-D),/athlete/wuliji-buren
Justin,Burlinson,,Welterweight,0-1-0 (W-L-D),/athlete/dzhastin-byorlinson
Herbert,Burns,"""The Blaze""",Featherweight,11-4-0 (W-L-D),/athlete/herbert-burns
Gilbert,Burns,"""Durinho""",Welterweight,21-5-0 (W-L-D),/athlete/gilbert-burns
JP,Buys,"""Young Savage""",Flyweight,9-5-0 (W-L-D),/athlete/jp-buys
Dennis,Buzukja,,Featherweight,1-1-0 (W-L-D),/athlete/dennis-buzukja
Alex,Caceres,"""Bruce Leeroy""",Featherweight,20-13-0 (W-L-D),/athlete/alex-caceres
Priscila,Cachoeira,"""Zombie Girl""",Women's Bantamweight,12-4-0 (W-L-D),/athlete/priscila-cachoeira
Ricky,Calatayud,,Flyweight,0-0-0 (W-L-D),/athlete/ricky-calatayud
Taylor,Callens,,Lightweight,0-0-0 (W-L-D),/athlete/taylor-callens
Cynthia,Calvillo,,Women's Flyweight,9-5-1 (W-L-D),/athlete/cynthia-calvillo
Ricky,Camp,,Bantamweight,0-0-0 (W-L-D),/athlete/ricky-camp
Charlie,Campbell,,Lightweight,0-1-0 (W-L-D),/athlete/charlie-campbell
Aleksa,Camur,,Light Heavyweight,6-2-0 (W-L-D),/athlete/aleksa-camur
Carlos,Candelario,"""The Cannon""",Flyweight,8-3-0 (W-L-D),/athlete/carlos-candelario
Ronaldo,Candido,"""Pacman""",Flyweight,5-2-0 (W-L-D),/athlete/ronaldo-candido
Guido,Cannetti,"""Ninja""",Bantamweight,10-7-0 (W-L-D),/athlete/guido-cannetti
Jared,Cannonier,"""Tha Killa Gorilla""",Middleweight,16-6-0 (W-L-D),/athlete/jared-cannonier
Paul,Capaldo,,Bantamweight,0-0-0 (W-L-D),/athlete/paul-capaldo
Phil,Caracappa,,Bantamweight,0-0-0 (W-L-D),/athlete/phil-caracappa
Ariane,Carnelossi,"""Sorriso""",Women's Strawweight,14-3-0 (W-L-D),/athlete/ariane-carnelossi
Luana,Carolina,"""Dread""",Women's Flyweight,8-3-0 (W-L-D),/athlete/luana-carolina
Tim,Caron,"""The Bear""",Middleweight,9-2-0 (W-L-D),/athlete/tim-caron
Clayton,Carpenter,,Flyweight,7-0-0 (W-L-D),/athlete/clayton-carpenter
Jack,Cartwright,,Bantamweight,0-1-0 (W-L-D),/athlete/jack-cartwright
Cortney,Casey,"""Cast Iron""",Women's Flyweight,10-10-0 (W-L-D),/athlete/cortney-casey
John,Castaneda,"""Sexi Mexi""",Bantamweight,19-6-0 (W-L-D),/athlete/john-castaneda
Vernon,Cathey,"""The Mechanic""",Light Heavyweight,0-0-0 (W-L-D),/athlete/vernon-cathey
Vinicius,Cenci,,Lightweight,0-1-0 (W-L-D),/athlete/vinicius-cenci
Edgar,Chairez,,Flyweight,0-1-0 (W-L-D),/athlete/edgar-chairez
Michael,Chandler,"""Iron""",Lightweight,23-8-0 (W-L-D),/athlete/michael-chandler
Chelsea,Chandler,,Women's Bantamweight,5-1-0 (W-L-D),/athlete/chelsea-chandler
Gabriel,Checco,"""Zangief""",Middleweight,10-2-0 (W-L-D),/athlete/gabriel-checco
Mark,Cherico,"""The Pride of Bloomfield""",Featherweight,11-2-0 (W-L-D),/athlete/mark-cherico
Macy,Chiasson,,Women's Featherweight,9-3-0 (W-L-D),/athlete/macy-chiasson
Michael,Chiesa,"""Maverick""",Welterweight,18-6-0 (W-L-D),/athlete/michael-chiesa
Giga,Chikadze,"""Ninja""",Featherweight,14-3-0 (W-L-D),/athlete/giga-chikadze
Khamzat,Chimaev,"""Borz""",Welterweight,12-0-0 (W-L-D),/athlete/khamzat-chimaev
Seungwoo,Choi,"""Sting""",Featherweight,10-6-0 (W-L-D),/athlete/seung-woo-choi
SeungGuk,Choi,,Flyweight,6-2-0 (W-L-D),/athlete/seungguk-choi
Dooho,Choi,"""The Korean Superboy""",Featherweight,14-4-1 (W-L-D),/athlete/dooho-choi
Katlyn,Chookagian,"""Blonde Fighter""",Women's Flyweight,18-5-0 (W-L-D),/athlete/katlyn-chookagian
Cameron,Church,,Lightweight,0-1-0 (W-L-D),/athlete/cameron-church
Devin,Clark,"""Brown Bear""",Light Heavyweight,14-7-0 (W-L-D),/athlete/devin-clark
Jessica-Rose,Clark,,Women's Bantamweight,11-8-0 (W-L-D),/athlete/jessica-rose-clark
Jamie,Colleen,,Women's Strawweight,4-2-0 (W-L-D),/athlete/jamie-colleen
Jake,Collier,"""The Prototype""",Heavyweight,13-8-0 (W-L-D),/athlete/jake-collier
Marcos,Conrado,,Heavyweight,0-0-0 (W-L-D),/athlete/marcos-conrado-junior
Michael,Cora,,Welterweight,4-2-0 (W-L-D),/athlete/michael-cora
Waldo,Cortes,"""Salsa Boy """,Heavyweight,9-0-0 (W-L-D),/athlete/waldo-cortes-acosta
Reyes,Cortez,,Bantamweight,0-1-0 (W-L-D),/athlete/mariya-agapova-4
Tracy,Cortez,,Women's Flyweight,10-1-0 (W-L-D),/athlete/tracy-cortez
Orion,Cosce,"""Galaxy""",Welterweight,8-1-0 (W-L-D),/athlete/orion-cosce
Alessandro,Costa,"""Nono """,Flyweight,12-3-0 (W-L-D),/athlete/alessandro-costa
Melquizael,Costa,"""Melk Cauthy""",Lightweight,19-6-0 (W-L-D),/athlete/melquizael-costa
Paulo,Costa,"""The Eraser""",Middleweight,14-2-0 (W-L-D),/athlete/paulo-costa
Oscar,Cota,"""Elevation""",Heavyweight,10-2-0 (W-L-D),/athlete/oscar-cota
JR,Coughran,,Featherweight,4-1-0 (W-L-D),/athlete/jr-coughran-0
Colby,Covington,"""Chaos""",Welterweight,17-3-0 (W-L-D),/athlete/colby-covington
Hailey,Cowan,"""All Hail """,Women's Bantamweight,7-2-0 (W-L-D),/athlete/hailey-cowan
Paul,Craig,"""BearJew""",Light Heavyweight,16-6-1 (W-L-D),/athlete/paul-craig
Duane,Crespo,"""Iron Giant""",Heavyweight,0-0-0 (W-L-D),/athlete/duane-crespo
Kenneth,Cross,,Lightweight,11-3-0 (W-L-D),/athlete/kenneth-cross
Jimmy,Crute,,Light Heavyweight,12-3-1 (W-L-D),/athlete/jim-crute
Dominick,Cruz,"""The Dominator""",Bantamweight,24-4-0 (W-L-D),/athlete/dominick-cruz
Emilio,Cuellar,,Flyweight,0-0-0 (W-L-D),/athlete/emilio-cuellar
Josh,Culibao,"""Kuya""",Featherweight,11-1-1 (W-L-D),/athlete/josh-culibao
Zak,Cummings,,Middleweight,24-7-0 (W-L-D),/athlete/zak-cummings
Hugo,Cunha,,Heavyweight,0-0-0 (W-L-D),/athlete/lyudovit-klayn-3
Alton,Cunningham,"""The Bo-Man""",Light Heavyweight,7-2-0 (W-L-D),/athlete/alton-cunningham
Santo,Curatolo,,Flyweight,0-1-0 (W-L-D),/athlete/santo-curatolo
Chris,Curtis,"""Action-Man""",Middleweight,30-9-0 (W-L-D),/athlete/chris-curtis
Ion,Cutelaba,"""The Hulk""",Light Heavyweight,16-9-1 (W-L-D),/athlete/ion-cutelaba
Gleidson,Cutis,"""Poney""",Lightweight,0-0-0 (W-L-D),/athlete/andre-evell-0
Daniel,da,"""Miojo""",Flyweight,11-4-0 (W-L-D),/athlete/daniel-da-silva
Diego,Henrique,"""Gaucho""",Middleweight,0-0-0 (W-L-D),/athlete/diego-henrique-da-silva
Henrique,da,"""Frankenstein""",Light Heavyweight,12-4-0 (W-L-D),/athlete/henrique-da-silva
Henrique,Da,,Heavyweight,0-0-0 (W-L-D),/athlete/henrique-da-silva-lopes
Dayana,da,,Women's Bantamweight,0-0-0 (W-L-D),/athlete/dayana-da-silva-santos
Nicolas,Dalby,"""Danish Dynamite""",Welterweight,21-4-1 (W-L-D),/athlete/nicolas-dalby
Leonardo,Damiani,,Welterweight,0-1-0 (W-L-D),/athlete/kori-makkenna-1
Batgerel,Danaa,"""Storm""",Bantamweight,12-4-0 (W-L-D),/athlete/danaa-batgerel
Jarjis,Danho,"""Man Mountain""",Heavyweight,7-1-1 (W-L-D),/athlete/jarjis-danho
Beneil,Dariush,,Lightweight,22-4-1 (W-L-D),/athlete/beneil-dariush
Chris,Daukaus,,Heavyweight,12-6-0 (W-L-D),/athlete/chris-daukaus
John,Davis,"""The Machine""",Middleweight,0-0-0 (W-L-D),/athlete/john-davis
Mike,Davis,"""Beast Boy""",Lightweight,10-2-0 (W-L-D),/athlete/mike-davis
Hakeem,Dawodu,"""Mean""",Featherweight,13-3-1 (W-L-D),/athlete/hakeem-dawodu
Grant,Dawson,"""KGD""",Lightweight,19-1-1 (W-L-D),/athlete/grant-dawson
Angel,De,"""The Dream""",Light Heavyweight,18-6-0 (W-L-D),/athlete/angel-de-anda
Rafael,de,"""Barata (Cockroach)""",Flyweight,0-0-0 (W-L-D),/athlete/rafael-de-freitas
Montana,De,,Women's Flyweight,12-8-1 (W-L-D),/athlete/montana-de-la-rosa
Marcos,Rogerio,"""Pezao""",Heavyweight,20-9-1 (W-L-D),/athlete/marcos-rogerio-de-lima
Leonardo,De,,Middleweight,0-0-0 (W-L-D),/athlete/leonardo-de-oliveira
Germaine,de,"""The Iron Lady""",Women's Bantamweight,10-4-0 (W-L-D),/athlete/germaine-de-randamie
Carl,Deaton,"""The Anishinaabe Kid""",Lightweight,17-6-0 (W-L-D),/athlete/carl-deaton
Wallen,Del,,Flyweight,0-1-0 (W-L-D),/athlete/wallen-del-rosario
Jack,Della,,Welterweight,14-2-0 (W-L-D),/athlete/sara-elpar-0
Vanessa,Demopoulos,"""Lil Monster""",Women's Strawweight,9-4-0 (W-L-D),/athlete/vanessa-demopulos
Mackenzie,Dern,,Women's Strawweight,12-3-0 (W-L-D),/athlete/mackenzie-dern
Micol,Di,,Women's Strawweight,0-0-0 (W-L-D),/athlete/micol-di-segni
Marc,Diakiese,"""Bonecrusher""",Lightweight,16-6-0 (W-L-D),/athlete/marc-diakiese
Mike,Diamond,"""Blood""",Welterweight,3-2-0 (W-L-D),/athlete/blud-daymond
Adrian,Diaz,,Featherweight,11-5-1 (W-L-D),/athlete/adrian-diaz
Ozzy,Diaz,,Middleweight,0-1-0 (W-L-D),/athlete/ozzy-diaz
Nick,Diaz,,Middleweight,26-11-0 (W-L-D),/athlete/nick-diaz
Damien,Dibbell,"""The Bell""",Heavyweight,0-0-0 (W-L-D),/athlete/damien-dibbell
Rico,DiSciullo,,Bantamweight,9-3-0 (W-L-D),/athlete/rico-disciullo
Matt,Dixon,,Welterweight,9-1-0 (W-L-D),/athlete/matt-dixon
Drew,Dober,,Lightweight,26-11-0 (W-L-D),/athlete/drew-dober
AJ,Dobson,,Middleweight,6-2-0 (W-L-D),/athlete/manon-firot-2
Roman,Dolidze,,Middleweight,12-1-0 (W-L-D),/athlete/roman-dolidze
Rafael,Dos,,Welterweight,32-14-0 (W-L-D),/athlete/rafael-dos-anjos
Acacio,dos,,Light Heavyweight,0-1-0 (W-L-D),/athlete/acacio-dos-santos
Maiara,Amajanas,,Women's Strawweight,0-0-0 (W-L-D),/athlete/maiara-amajanas-dos-santos
Elizeu,dos,"""Capoeira""",Welterweight,23-7-0 (W-L-D),/athlete/elizeu-dos-santos
Wesley,Drain,"""All the Smoke""",Middleweight,0-0-0 (W-L-D),/athlete/wesley-drain
Kyle,Driscoll,,Featherweight,12-3-0 (W-L-D),/athlete/kyle-driscoll
Dricus,Du,"""Stillknocks""",Middleweight,19-2-0 (W-L-D),/athlete/dricus-du-plessis
Emily,Ducote,"""Gordinha""",Women's Strawweight,12-7-0 (W-L-D),/athlete/emily-ducote
Viktoriia,Dudakova,,Women's Strawweight,6-0-0 (W-L-D),/athlete/victoria-dudakova
Isaac,Dulgarian,"""The Midwest Choppa""",Featherweight,5-0-0 (W-L-D),/athlete/isaac-dulgarian
Sedriques,Dumas,,Middleweight,7-0-0 (W-L-D),/athlete/sedriques-dumas
Norma,Dumont,"""The Imortal""",Women's Featherweight,8-2-0 (W-L-D),/athlete/norma-dumont
Chris,Duncan,"""The Problem""",Lightweight,9-1-0 (W-L-D),/athlete/lyudovit-klayn-4
Christian,Leroy,,Middleweight,0-0-0 (W-L-D),/athlete/christian-leroy-duncan
Albert,Duraev,,Middleweight,15-4-0 (W-L-D),/athlete/kori-makkenna-8
Cody,Durden,,Flyweight,14-4-1 (W-L-D),/athlete/cody-durden
Riley,Dutro,"""The Perfect Storm""",Flyweight,14-4-0 (W-L-D),/athlete/riley-dutro
Merab,Dvalishvili,"""The Machine""",Bantamweight,15-4-0 (W-L-D),/athlete/merab-dvalishvili
David,Dvorak,"""Undertaker""",Flyweight,20-5-0 (W-L-D),/athlete/david-dvorak
Roybert,Echeverria,"""The Unbroken""",Flyweight,0-1-0 (W-L-D),/athlete/roy-echeverria
Adli,Edwards,,Featherweight,0-0-0 (W-L-D),/athlete/adli-edwards
Joselyne,Edwards,"""La Pantera""",Women's Bantamweight,12-4-0 (W-L-D),/athlete/joselyne-edwards
Leon,Edwards,"""Rocky""",Welterweight,20-3-0 (W-L-D),/athlete/leon-edwards
Stephanie,Egger,,Women's Featherweight,8-3-0 (W-L-D),/athlete/stephanie-egger
Evan,Elder,"""The Phenom """,Lightweight,7-2-0 (W-L-D),/athlete/evan-elder
Joao,Elias,,Flyweight,0-1-0 (W-L-D),/athlete/joao-elias
Darren,Elkins,"""The Damage""",Featherweight,27-11-0 (W-L-D),/athlete/darren-elkins
Tim,Elliott,,Flyweight,19-12-1 (W-L-D),/athlete/tim-elliott
Sovannahry,Em,,Women's Bantamweight,0-0-0 (W-L-D),/athlete/sovannahry-em
Freddy,Emiliano,,Featherweight,0-1-0 (W-L-D),/athlete/freddy-emiliano-linares
Jamall,Emmers,"""Pretty Boy""",Featherweight,19-6-0 (W-L-D),/athlete/jamall-emmers
Josh,Emmett,"""CC0 (C-C-OH)""",Featherweight,18-3-0 (W-L-D),/athlete/josh-emmett
Kolton,Englund,,Lightweight,0-1-0 (W-L-D),/athlete/trevin-dzhayls-7
Stephen,Erceg,,Flyweight,0-0-0 (W-L-D),/athlete/stephen-erczeg
Julian,Erosa,"""Juicy J""",Featherweight,28-11-0 (W-L-D),/athlete/julian-erosa
Jarno,Errens,,Featherweight,13-4-1 (W-L-D),/athlete/jarno-errens
Carla,Esparza,"""Cookie Monster""",Women's Strawweight,20-7-0 (W-L-D),/athlete/carla-esparza
Juan,Espino,"""El Guapo""",Heavyweight,11-2-0 (W-L-D),/athlete/juan-espino
Rafael,Estevam,,Flyweight,1-0-0 (W-L-D),/athlete/rafael-estevam
Achilles,Estremadura,,Lightweight,0-1-0 (W-L-D),/athlete/nassurdin-imavov-0
Shaun,Etchell,,Flyweight,0-1-0 (W-L-D),/athlete/shaun-etchell
Ashlee,Evans-Smith,"""Rebel Girl""",Women's Bantamweight,6-5-0 (W-L-D),/athlete/ashlee-evans-smith
Movsar,Evloev,,Featherweight,16-0-0 (W-L-D),/athlete/movsar-evloev
Urijah,Faber,"""The California Kid""",Bantamweight,35-11-0 (W-L-D),/athlete/urijah-faber
Zarah,Fairn,"""Infinite""",Women's Featherweight,6-5-0 (W-L-D),/athlete/zarah-fairn
Rinat,Fakhretdinov,"""Gladiator """,Welterweight,20-1-0 (W-L-D),/athlete/lyudovit-klayn-0
Pedro,Falcao,"""Pedrinho""",Bantamweight,1-0-0 (W-L-D),/athlete/norma-dyumont-viana-2
Rico,Farrington,,Welterweight,0-0-0 (W-L-D),/athlete/rico-farrington
Tony,Ferguson,"""El Cucuy""",Welterweight,26-8-0 (W-L-D),/athlete/tony-ferguson
Gabriella,Fernandes,"""Gabi""",Women's Flyweight,8-2-0 (W-L-D),/athlete/gabriella-fernandes
Erisson,Ferreira,,Flyweight,1-1-0 (W-L-D),/athlete/filipe-lins-2
Brunno,Ferreira,,Middleweight,10-0-0 (W-L-D),/athlete/brunno-ferreira
Diego,Ferreira,,Lightweight,17-5-0 (W-L-D),/athlete/diego-ferreira
Andre,Fialho,,Welterweight,16-6-0 (W-L-D),/athlete/andre-fialho
Michal,Figlak,"""Mad Dog """,Lightweight,8-1-0 (W-L-D),/athlete/michal-figlak
Deiveson,Figueiredo,"""Deus da Guerra""",Flyweight,21-3-1 (W-L-D),/athlete/deiveson-figueiredo
Jafel,Filho,,Flyweight,14-2-0 (W-L-D),/athlete/jafel-filho
Andre,Fili,"""Touchy""",Featherweight,22-9-0 (W-L-D),/athlete/andre-fili
Nick,Fiore,,Lightweight,6-1-0 (W-L-D),/athlete/nick-fiore
Manon,Fiorot,"""The Beast""",Women's Flyweight,10-1-0 (W-L-D),/athlete/manon-fiorot
Rafael,Fiziev,"""Ataman""",Lightweight,12-1-0 (W-L-D),/athlete/rafael-fiziev
AJ,Fletcher,"""The Ghost""",Welterweight,10-2-0 (W-L-D),/athlete/kori-makkenna-2
Jimmy,Flick,"""The Brick""",Flyweight,16-6-0 (W-L-D),/athlete/jimmy-flick
Luke,Flores,,Lightweight,7-2-0 (W-L-D),/athlete/luke-flores
Ty,Flores,,Light Heavyweight,0-1-0 (W-L-D),/athlete/ty-flores
Alejandro,Flores,,Featherweight,0-1-0 (W-L-D),/athlete/alejandro-flores
Darrius,Flowers,"""Beastmode""",Welterweight,12-5-1 (W-L-D),/athlete/darrius-flowers
Rob,Font,,Bantamweight,19-6-0 (W-L-D),/athlete/rob-font
Brianna,Fortino,"""The Bull""",Women's Strawweight,9-3-0 (W-L-D),/athlete/brianna-van-buren
Kai,Kara-France,"""Don't Blink""",Flyweight,24-10-0 (W-L-D),/athlete/kai-kara-france
Stephanie,Frausto,,Women's Strawweight,0-1-0 (W-L-D),/athlete/stephanie-frausto
Donavon,Frelow,,Bantamweight,6-3-0 (W-L-D),/athlete/donavon-frelow
Josh,Fremd,,Middleweight,9-5-0 (W-L-D),/athlete/josh-fremd
Matt,Frevola,"""The SteamRolla""",Lightweight,10-3-1 (W-L-D),/athlete/matt-frevola
Jinh,Yu,,Women's Strawweight,11-8-0 (W-L-D),/athlete/jinh-yu-frey
Waylon,Frost,"""Ice Cold""",Welterweight,0-0-0 (W-L-D),/athlete/waylon-frost
Adam,Fugitt,,Welterweight,9-3-0 (W-L-D),/athlete/adam-fugitt
Gustavo,Gabriel,,Flyweight,0-0-0 (W-L-D),/athlete/gustavo-gabriel
Justin,Gaethje,"""The Highlight""",Lightweight,24-4-0 (W-L-D),/athlete/justin-gaethje
Daniel,Gallemore,,Heavyweight,0-0-0 (W-L-D),/athlete/daniel-gallemore
Mateusz,Gamrot,"""Gamer""",Lightweight,22-2-0 (W-L-D),/athlete/mateusz-gamrot
Ciryl,Gane,"""Bon Gamin""",Heavyweight,11-2-0 (W-L-D),/athlete/ciryl-gane
Cody,Garbrandt,"""No Love""",Bantamweight,13-5-0 (W-L-D),/athlete/cody-garbrandt
Steve,Garcia,"""Mean Machine""",Featherweight,13-5-0 (W-L-D),/athlete/steve-garcia
Rafa,Garcia,"""Gifted""",Lightweight,15-3-0 (W-L-D),/athlete/rafa-garcia
Fernie,Garcia,,Bantamweight,10-3-0 (W-L-D),/athlete/liana-dzhodzhua-2
Jesus,Gaspar,,Welterweight,0-0-0 (W-L-D),/athlete/jesus-gaspar-diaz
Kelvin,Gastelum,,Middleweight,17-8-0 (W-L-D),/athlete/kelvin-gastelum
Melissa,Gatto,,Women's Flyweight,8-1-2 (W-L-D),/athlete/melissa-gatto
Manuel,Gaxhja,,Lightweight,0-0-0 (W-L-D),/athlete/manuel-gatzha
Christos,Giagos,"""The Spartan""",Lightweight,19-10-0 (W-L-D),/athlete/christos-giagos
Chase,Gibson,,Lightweight,0-1-0 (W-L-D),/athlete/chase-gibson
Trevin,Giles,,Welterweight,15-4-0 (W-L-D),/athlete/trevin-giles
Gregor,Gillespie,"""The Gift""",Lightweight,14-1-0 (W-L-D),/athlete/gregor-gillespie
Alex,Gilpin,,Featherweight,10-1-0 (W-L-D),/athlete/aleks-munoz-0
Ricky,Glenn,"""The Gladiator""",Lightweight,22-6-2 (W-L-D),/athlete/ricky-glenn
Loopy,Godinez,,Women's Strawweight,8-3-0 (W-L-D),/athlete/loopy-godinez
Billy,Goff,,Welterweight,8-2-0 (W-L-D),/athlete/billy-goff
Amiran,Gogoladze,,Welterweight,0-1-0 (W-L-D),/athlete/amiran-gogoladze
Hannah,Goldy,"""24K""",Women's Flyweight,6-3-0 (W-L-D),/athlete/hannah-goldy
Denise,Gomes,"""Dee""",Women's Strawweight,6-2-0 (W-L-D),/athlete/denise-gomes
Edson,Gomez,,Welterweight,0-1-0 (W-L-D),/athlete/edson-gomez
Joey,Gomez,,Lightweight,7-0-0 (W-L-D),/athlete/joey-gomez-0
Luis,Gomez,"""Tiger Junior""",Featherweight,4-1-0 (W-L-D),/athlete/luis-gomez
William,Gomis,"""Jaguar""",Featherweight,11-2-0 (W-L-D),/athlete/william-gomis
Justin,Gonzales,"""J-Train""",Featherweight,9-0-0 (W-L-D),/athlete/justin-gonzales
Mikey,Gonzalez,,Lightweight,0-1-0 (W-L-D),/athlete/mikey-gonzalez
Erick,Gonzalez,"""The Ghost Pepper""",Lightweight,14-8-0 (W-L-D),/athlete/mariya-agapova-1
Lyman,Good,"""Cyborg""",Welterweight,21-6-0 (W-L-D),/athlete/lyman-good
Malcolm,Gordon,"""X""",Flyweight,14-6-0 (W-L-D),/athlete/malcolm-gordon
Tebaris,Gordon,"""Boom""",Heavyweight,3-1-0 (W-L-D),/athlete/tebaris-gordon
Jared,Gordon,"""Flash""",Lightweight,19-6-0 (W-L-D),/athlete/jared-gordon
Tresean,Gore,"""Mr. Vicious""",Middleweight,5-2-0 (W-L-D),/athlete/tresean-gore
Themba,Gorimbo,"""The Answer """,Welterweight,10-4-0 (W-L-D),/athlete/themba-gorimbo
Kron,Gracie,,Featherweight,5-1-0 (W-L-D),/athlete/kron-gracie
Davey,Grant,"""Dangerous""",Bantamweight,14-6-0 (W-L-D),/athlete/davey-grant
Alexa,Grasso,,Women's Flyweight,16-3-0 (W-L-D),/athlete/alexa-grasso
Tony,Gravely,,Bantamweight,23-8-0 (W-L-D),/athlete/tony-gravely
Shelton,Graves,"""“The Gravedigger”""",Heavyweight,7-3-0 (W-L-D),/athlete/shelton-graves
James,Gray,"""The Phenom""",Bantamweight,4-2-0 (W-L-D),/athlete/james-gray
Kevin,Gray,"""Pocket Herc""",Flyweight,9-4-0 (W-L-D),/athlete/kevin-gray
Gabriel,Green,"""Gifted""",Welterweight,11-4-0 (W-L-D),/athlete/gabriel-green
Bobby,Green,"""King""",Lightweight,29-14-1 (W-L-D),/athlete/bobby-green
Max,Griffin,"""Pain""",Welterweight,19-9-0 (W-L-D),/athlete/max-griffin
Maxim,Grishin,"""Maximus""",Heavyweight,32-9-2 (W-L-D),/athlete/maxim-grishin
Garrett,Gross,"""Glory to God""",Lightweight,11-8-0 (W-L-D),/athlete/garrett-gross
Chris,Gruetzemacher,"""Gritz""",Lightweight,15-5-0 (W-L-D),/athlete/chris-gruetzemacher
Clay,Guida,"""The Carpenter""",Lightweight,38-19-0 (W-L-D),/athlete/clay-guida
Gugun,Gusman,,Bantamweight,0-1-0 (W-L-D),/athlete/gugun-gusman
Alexander,Gustafsson,"""The Mauler""",Light Heavyweight,18-8-0 (W-L-D),/athlete/alexander-gustafsson
Mando,Gutierrez,,Bantamweight,0-1-0 (W-L-D),/athlete/mando-gutierrez
Chris,Gutierrez,"""El Guapo""",Bantamweight,19-3-2 (W-L-D),/athlete/chris-gutierrez
Chelsea,Hackett,,Women's Flyweight,0-1-0 (W-L-D),/athlete/chelsea-hackett
Jake,Hadley,"""White Kong""",Flyweight,9-1-0 (W-L-D),/athlete/aleks-oliveyra-1
Damir,Hadzovic,"""The Bosnian Bomber""",Lightweight,14-7-0 (W-L-D),/athlete/damir-hadzovic
Yazan,Hajeh,"""Yazzle Dazzle""",Featherweight,6-0-0 (W-L-D),/athlete/yazan-hajeh
Ryan,Hall,"""The Wizard""",Featherweight,9-2-0 (W-L-D),/athlete/ryan-hall
CJ,Hamilton,,Flyweight,11-5-0 (W-L-D),/athlete/cj-hamilton
Nasrat,Haqparast,,Lightweight,14-5-0 (W-L-D),/athlete/nasrat-haqparast
Janay,Harding,,Women's Bantamweight,3-2-0 (W-L-D),/athlete/janay-harding
Walt,Harris,"""The Big Ticket""",Heavyweight,13-10-0 (W-L-D),/athlete/walt-harris
Carlston,Harris,"""Mocambique""",Welterweight,17-5-0 (W-L-D),/athlete/carlston-harris
Ahmad,Hassanzada,,Lightweight,0-1-0 (W-L-D),/athlete/ahmad-hassanzada
John,Hathaway,"""The Hitman""",Welterweight,17-2-0 (W-L-D),/athlete/john-hathaway
Phil,Hawes,"""No Hype """,Middleweight,12-4-0 (W-L-D),/athlete/phillip-hawes
Ian,Heinisch,"""The Hurricane""",Middleweight,14-5-0 (W-L-D),/athlete/ian-heinisch
José,Henrique,,Welterweight,0-1-0 (W-L-D),/athlete/jose-henrique
Victor,Henry,"""La Mangosta""",Bantamweight,22-6-0 (W-L-D),/athlete/victor-henry
Danny,Henry,"""The Hatchet""",Featherweight,12-4-0 (W-L-D),/athlete/danny-henry
Jai,Herbert,"""Black Country Banger""",Lightweight,12-4-0 (W-L-D),/athlete/jai-herbert
Ed,Herman,"""Short Fuse""",Light Heavyweight,27-15-0 (W-L-D),/athlete/ed-herman
Jack,Hermansson,"""The Joker""",Middleweight,23-8-0 (W-L-D),/athlete/jack-hermansson
Carlos,Hernandez,,Flyweight,8-2-0 (W-L-D),/athlete/lyudovit-klayn-2
Anthony,Hernandez,"""Fluffy""",Middleweight,10-2-0 (W-L-D),/athlete/anthony-hernandez
Alexander,Hernandez,"""The Great Ape""",Lightweight,14-6-0 (W-L-D),/athlete/alexander-hernandez
Brady,Hiestand,,Bantamweight,7-2-0 (W-L-D),/athlete/brady-hiestand
Kailan,Hill,,Middleweight,0-0-0 (W-L-D),/athlete/kailan-hill
Tyler,Hill,"""Zombie""",Welterweight,6-1-0 (W-L-D),/athlete/tyler-hill
Jamahal,Hill,"""Sweet Dreams""",Light Heavyweight,12-1-0 (W-L-D),/athlete/jamahal-hill
Angela,Hill,"""Overkill""",Women's Strawweight,15-12-0 (W-L-D),/athlete/angela-hill
Anthony,Hintz,"""Static""",Heavyweight,0-0-0 (W-L-D),/athlete/anthony-hintz
Frank,Holland,"""The Tank""",Heavyweight,0-0-0 (W-L-D),/athlete/frank-holland
Kevin,Holland,"""Trailblazer""",Welterweight,23-9-0 (W-L-D),/athlete/kevin-holland
Max,Holloway,"""Blessed""",Featherweight,23-7-0 (W-L-D),/athlete/max-holloway
Holly,Holm,"""The Preacher's Daughter""",Women's Bantamweight,14-6-0 (W-L-D),/athlete/holly-holm
Joseph,Holmes,"""Uglyman Joe""",Middleweight,8-3-0 (W-L-D),/athlete/rozherio-bontorin-0
JunYoung,Hong,,Featherweight,0-1-0 (W-L-D),/athlete/junyoung-hong
Lorenzo,Hood,,Heavyweight,0-1-0 (W-L-D),/athlete/kerol-rosa-0
Dan,Hooker,"""The Hangman""",Lightweight,22-12-0 (W-L-D),/athlete/dan-hooker
Chase,Hooper,"""The Dream""",Featherweight,11-3-1 (W-L-D),/athlete/chase-hooper
Yuma,Horiuchi,,Flyweight,0-1-0 (W-L-D),/athlete/yuma-horiuchi
Jamey-Lyn,Horth,,Women's Flyweight,0-0-0 (W-L-D),/athlete/jamey-lyn-horth
Brady,Huang,,Bantamweight,11-2-0 (W-L-D),/athlete/brady-huang
Sam,Hughes,"""Sampage""",Women's Strawweight,7-5-0 (W-L-D),/athlete/sam-hughes
Al,Iaquinta,"""Raging""",Lightweight,14-7-1 (W-L-D),/athlete/al-iaquinta
Dan,Ige,"""50K""",Featherweight,16-6-0 (W-L-D),/athlete/dan-ige
Nassourdine,Imavov,,Light Heavyweight,12-4-0 (W-L-D),/athlete/nassourdine-imavov
Mizuki,Inoue,,Women's Strawweight,14-6-0 (W-L-D),/athlete/mizuki-inoue
Damir,Ismagulov,"""Qazaq""",Lightweight,24-2-0 (W-L-D),/athlete/damir-ismagulov
Blagoy,Ivanov,"""Baga""",Heavyweight,19-5-0 (W-L-D),/athlete/blagoy-ivanov
Jason,Jackson,"""Jah-Son""",Welterweight,7-3-0 (W-L-D),/athlete/jason-jackson
Montel,Jackson,"""Quik""",Bantamweight,13-2-0 (W-L-D),/athlete/montel-jackson
Damon,Jackson,"""Action""",Featherweight,22-5-1 (W-L-D),/athlete/damon-jackson
Richard,Jacobi,,Heavyweight,0-1-0 (W-L-D),/athlete/richard-jacobi
Dustin,Jacoby,"""The Hanyak""",Light Heavyweight,18-6-1 (W-L-D),/athlete/dustin-jacoby
Virna,Jandiroba,"""Carcará""",Women's Strawweight,18-3-0 (W-L-D),/athlete/virna-jandiroba
Jasmine,Jasudavicius,,Women's Flyweight,8-2-0 (W-L-D),/athlete/kori-makkenna-6
Yazmin,Jauregui,,Women's Strawweight,10-0-0 (W-L-D),/athlete/yazmin-jauregui
Joanna,Jędrzejczyk,,Women's Strawweight,16-5-0 (W-L-D),/athlete/joanna-jedrzejczyk
Aaron,Jeffery,,Middleweight,6-2-0 (W-L-D),/athlete/aaron-jeffery
Jack,Jenkins,"""Phar""",Featherweight,11-2-0 (W-L-D),/athlete/jack-jenkins
Asikeerbai,Jinensibieke,,Lightweight,0-0-0 (W-L-D),/athlete/asikeerbai-jinensibieke
Asikerbai,Jinensibieke,,Lightweight,0-0-0 (W-L-D),/athlete/asikerbai-jinensibieke
Li,Jingliang,"""The Leech""",Welterweight,19-8-0 (W-L-D),/athlete/li-jingliang
Miles,Johns,"""Chapo""",Bantamweight,13-2-0 (W-L-D),/athlete/miles-johns
Taylor,Johnson,,Middleweight,0-0-0 (W-L-D),/athlete/taylor-johnson
Chad,Johnson,,Heavyweight,6-2-0 (W-L-D),/athlete/chad-johnson
Tony,Johnson,,Light Heavyweight,7-2-0 (W-L-D),/athlete/tony-johnson
Michael,Johnson,"""The Menace""",Lightweight,22-18-0 (W-L-D),/athlete/michael-johnson
Charles,Johnson,"""Inner G""",Flyweight,13-4-0 (W-L-D),/athlete/charles-johnson
Jose,Johnson,"""Lobo Solitario""",Bantamweight,15-7-0 (W-L-D),/athlete/jose-johnson
Daniel,Jolly,"""Werewolf of Texas""",Light Heavyweight,5-3-0 (W-L-D),/athlete/daniel-jolly
Jamelle,Jones,"""The Beast""",Light Heavyweight,7-5-0 (W-L-D),/athlete/jamelle-jones
Justin,Jones,,Middleweight,9-2-0 (W-L-D),/athlete/dzhastin-dzhaynes-0
Antonio,Jones,,Middleweight,7-0-0 (W-L-D),/athlete/antonio-jones
Trevin,Jones,"""5 Star""",Bantamweight,13-10-0 (W-L-D),/athlete/trevin-jones
Jon,Jones,"""Bones""",Heavyweight,27-1-0 (W-L-D),/athlete/jon-jones
Dwight,Joseph,,Bantamweight,0-0-0 (W-L-D),/athlete/dwight-joseph
Charles,Jourdain,"""Air""",Featherweight,13-6-1 (W-L-D),/athlete/charles-jourdain
Dustin,Joynson,,Heavyweight,0-0-0 (W-L-D),/athlete/dustin-joynson
Anshul,Jubli,"""King of Lions""",Lightweight,7-0-0 (W-L-D),/athlete/anshul-jubli
Da,Woon,"""Sseda""",Light Heavyweight,15-4-1 (W-L-D),/athlete/da-un-jung
Chan,Sung,"""The Korean Zombie""",Featherweight,17-7-0 (W-L-D),/athlete/chan-sung-jung
Oron,Kahlon,,Bantamweight,0-1-0 (W-L-D),/athlete/trevin-dzhayls-1
Lu,Kai,,Featherweight,1-1-0 (W-L-D),/athlete/lu-kai
Kyung,Ho,"""Mr. Perfect""",Bantamweight,18-9-0 (W-L-D),/athlete/kyung-ho-kang
Manel,Kape,"""StarBoy""",Flyweight,18-6-0 (W-L-D),/athlete/manel-kape
Jinnosuke,Kashimura,,Lightweight,0-1-0 (W-L-D),/athlete/jinnosuke-kashimura
Calvin,Kattar,,Featherweight,23-7-0 (W-L-D),/athlete/calvin-kattar
Canaan,Kawaihae,,Featherweight,4-2-0 (W-L-D),/athlete/canaan-kawaihae
Toshiomi,Kazama,,Bantamweight,10-3-0 (W-L-D),/athlete/toshiomi-kazama
Brian,Kelleher,"""Boom""",Bantamweight,24-14-0 (W-L-D),/athlete/brian-kelleher
Mayana,Kellem,,Women's Bantamweight,0-0-0 (W-L-D),/athlete/mayana-kellem
Song,Kenan,"""The Assassin""",Welterweight,19-7-0 (W-L-D),/athlete/song-kenan
Casey,Kenney,,Bantamweight,16-4-1 (W-L-D),/athlete/casey-kenney
Maimaitituoheti,Keremuaili,,Bantamweight,0-1-0 (W-L-D),/athlete/guram-kutateladze-0
Alfred,Khashakyan,,Bantamweight,8-4-0 (W-L-D),/athlete/alfred-khashakyan
Aliaskhab,Khizriev,"""Black Wolf""",Middleweight,14-0-0 (W-L-D),/athlete/khorkhe-gonzalez-0
WonBin,Ki,,Lightweight,1-1-0 (W-L-D),/athlete/wonbin-ki
Pannie,Kianzad,"""Banzai""",Women's Bantamweight,17-6-0 (W-L-D),/athlete/pannie-kianzad
HanSeul,Kim,,Welterweight,1-0-0 (W-L-D),/athlete/hanseul-kim
MinWoo,Kim,,Bantamweight,0-0-0 (W-L-D),/athlete/minwoo-kim
KyeongPyo,Kim,,Lightweight,1-1-0 (W-L-D),/athlete/kyeongpyo-kim
Ji,Yeon,"""Firefist""",Women's Bantamweight,9-6-2 (W-L-D),/athlete/ji-yeon-kim
Yusaku,Kinoshita,,Welterweight,6-2-0 (W-L-D),/athlete/yusaku-kinoshita
Kamuela,Kirk,"""The Jawaiian""",Featherweight,12-5-0 (W-L-D),/athlete/kamuela-kirk
Top,Noi,"""""Tiger Muay Thai""""",Flyweight,1-1-0 (W-L-D),/athlete/top-kiwram
Ludovit,Klein,"""Mr. Highlight""",Lightweight,19-4-0 (W-L-D),/athlete/ludovit-klein
Felix,Klinkhammer,,Welterweight,0-0-0 (W-L-D),/athlete/felix-klinkhammer
Drakkar,Klose,,Lightweight,13-2-1 (W-L-D),/athlete/drakkar-klose
William,Knight,"""Nightmare""",Light Heavyweight,11-5-0 (W-L-D),/athlete/william-knight
Josefine,Knutsson,,Women's Strawweight,1-0-0 (W-L-D),/athlete/josefine-knutsson
Kaloyan,Kolev,,Light Heavyweight,0-1-0 (W-L-D),/athlete/kaloyan-kolev
Roman,Kopylov,,Middleweight,10-2-0 (W-L-D),/athlete/roman-kopylov
Bruno,Korea,,Flyweight,4-3-0 (W-L-D),/athlete/bruno-korea
Steven,Koslow,"""Obi Won Shinobi The Pillow""",Bantamweight,6-1-0 (W-L-D),/athlete/steven-koslow
Karolina,Kowalkiewicz,,Women's Strawweight,15-7-0 (W-L-D),/athlete/karolina-kowalkiewicz
James,Krause,"""The James Krause""",Welterweight,28-9-0 (W-L-D),/athlete/james-krause
Nikita,Krylov,"""The Miner""",Light Heavyweight,29-9-0 (W-L-D),/athlete/nikita-krylov
Mariusz,Ksiazkiewicz,,Middleweight,0-1-0 (W-L-D),/athlete/mariusz-ksiazkiewicz
Rizvan,Kuniev,,Heavyweight,1-0-0 (W-L-D),/athlete/mario-souza-1
Korey,Kuppe,,Welterweight,8-4-0 (W-L-D),/athlete/korey-kuppe
Guram,Kutateladze,"""Georgian Viking""",Lightweight,12-3-0 (W-L-D),/athlete/guram-kutateladze
Luan,Lacerda,,Bantamweight,12-2-0 (W-L-D),/athlete/luan-lacerda
Yohan,Lainesse,"""White Lion""",Welterweight,9-2-0 (W-L-D),/athlete/nassurdin-imavov-1
Sean,Lally,"""The Unpredictable One""",Welterweight,8-4-0 (W-L-D),/athlete/sean-lally
Nate,Landwehr,"""The Train""",Featherweight,16-4-0 (W-L-D),/athlete/nate-landwehr
Austen,Lane,,Heavyweight,12-3-0 (W-L-D),/athlete/austen-lane
Lina,Lansberg,"""Elbow Queen""",Women's Bantamweight,10-8-0 (W-L-D),/athlete/lina-lansberg
Taylor,Lapilus,"""Double Impact""",Bantamweight,11-2-0 (W-L-D),/athlete/taylor-lapilus
Ilir,Latifi,"""The Sledgehammer""",Heavyweight,17-8-0 (W-L-D),/athlete/ilir-latifi
Joe,Lauzon,,Lightweight,28-16-0 (W-L-D),/athlete/joe-lauzon
Sandra,Lavado,,Women's Strawweight,0-1-0 (W-L-D),/athlete/sandra-lavado
Robbie,Lawler,"""Ruthless""",Welterweight,29-16-0 (W-L-D),/athlete/robbie-lawler
Lance,Lawrence,"""The Tornado""",Featherweight,5-0-0 (W-L-D),/athlete/lance-lawrence
Ronnie,Lawrence,"""The Heat""",Bantamweight,8-2-0 (W-L-D),/athlete/ronnie-lawrence
Jimmy,Lawson,,Heavyweight,0-1-0 (W-L-D),/athlete/jimmy-lawson
Mounir,Lazzez,"""The Sniper""",Welterweight,11-3-0 (W-L-D),/athlete/mounir-lazzez
Thanh,Le,,Featherweight,7-1-0 (W-L-D),/athlete/thanh-le
Jordan,Leavitt,"""The Monkey King""",Lightweight,11-2-0 (W-L-D),/athlete/jordan-leavitt
Kevin,Lee,"""The Motown Phenom""",Welterweight,18-7-0 (W-L-D),/athlete/kevin-lee
JeongYeong,Lee,"""Korean Tiger""",Featherweight,10-1-0 (W-L-D),/athlete/jeongyeong-lee
Andrea,Lee,"""KGB""",Women's Flyweight,13-6-0 (W-L-D),/athlete/andrea-lee
Cheyden,Leialoha,"""Steadfast""",Bantamweight,6-1-0 (W-L-D),/athlete/cheyden-leialoha
Claudia,Leite,,Women's Bantamweight,0-1-0 (W-L-D),/athlete/claudia-leite
Amanda,Lemos,,Women's Strawweight,13-2-1 (W-L-D),/athlete/amanda-lemos
Victoria,Leonardo,"""Fury""",Women's Flyweight,9-5-0 (W-L-D),/athlete/victoria-leonardo
Natan,Levy,,Lightweight,8-1-0 (W-L-D),/athlete/natan-levy
Brandon,Lewis,,Bantamweight,0-2-0 (W-L-D),/athlete/brendon-lyuis
Malik,Lewis,,Lightweight,0-1-0 (W-L-D),/athlete/malik-lewis
Derrick,Lewis,"""The Black Beast""",Heavyweight,26-11-0 (W-L-D),/athlete/derrick-lewis
Rodrigo,Lidio,,Lightweight,0-1-0 (W-L-D),/athlete/rodrigo-lidio
Mabelly,Lima,,Women's Bantamweight,0-0-0 (W-L-D),/athlete/mabelly-lima
Austin,Lingo,"""Lights Out""",Featherweight,9-1-0 (W-L-D),/athlete/austin-lingo
Philipe,Lins,"""Monstro""",Light Heavyweight,16-5-0 (W-L-D),/athlete/philipe-lins
Ariane,Lipski,"""Queen of Violence""",Women's Flyweight,14-8-0 (W-L-D),/athlete/ariane-lipski
Tainara,Lisboa,,Women's Bantamweight,0-0-0 (W-L-D),/athlete/tainara-lisboa
Dylan,Lockard,,Featherweight,0-0-0 (W-L-D),/athlete/dylan-lockard
Christian,Lohsen,,Lightweight,0-0-0 (W-L-D),/athlete/christian-lohsen
Michael,Lombardo,"""The Don""",Welterweight,11-2-0 (W-L-D),/athlete/michael-lombardo
Xiao,Long,,Bantamweight,0-1-0 (W-L-D),/athlete/ksyao-lon
Loma,Lookboonmee,,Women's Strawweight,8-3-0 (W-L-D),/athlete/loma-lookboonmee
Ange,Loosa,,Welterweight,9-3-0 (W-L-D),/athlete/loren-myuller-0
Diego,Lopes,,Featherweight,0-1-0 (W-L-D),/athlete/diego-lopes
Brendan,Loughnane,,Lightweight,16-4-0 (W-L-D),/athlete/brendon-shaub-0
Joseph,Lowry,,Lightweight,7-2-0 (W-L-D),/athlete/joseph-lowry
Iasmin,Lucindo,,Women's Strawweight,13-5-0 (W-L-D),/athlete/iasmin-lucindo
Qiu,Lun,,Flyweight,1-2-0 (W-L-D),/athlete/filipe-lins-1
Vicente,Luque,"""The Silent Assassin""",Welterweight,21-9-1 (W-L-D),/athlete/vicente-luque
Tucker,Lutz,"""Top Gun""",Featherweight,12-2-0 (W-L-D),/athlete/tucker-lutz
Pawan,Maan,,Lightweight,0-1-0 (W-L-D),/athlete/pawan-maan
Veronica,Macedo,,Women's Flyweight,6-4-1 (W-L-D),/athlete/veronica-macedo
Valesca,Machado,"""Tina Black""",Women's Strawweight,0-1-0 (W-L-D),/athlete/norma-dyumont-viana-1
Caio,Machado,,Heavyweight,0-0-0 (W-L-D),/athlete/caio-machado
Ian,Machado,"""The Future""",Welterweight,11-0-0 (W-L-D),/athlete/nassurdin-imavov-4
Pauline,Macias,,Women's Strawweight,0-1-0 (W-L-D),/athlete/pauline-macias
Mark,Madsen,"""The Olympian""",Lightweight,12-1-0 (W-L-D),/athlete/mark-madsen
Neil,Magny,"""The Haitian Sensation""",Welterweight,27-11-0 (W-L-D),/athlete/neil-magny
Shara,Magomedov,,Middleweight,0-0-0 (W-L-D),/athlete/shara-magomedov
Abus,Magomedov,,Middleweight,25-4-1 (W-L-D),/athlete/abner-lloveras-1
Maheshate,,,Lightweight,9-2-0 (W-L-D),/athlete/filipe-lins-3
Nayara,Maia,,Women's Flyweight,0-1-0 (W-L-D),/athlete/nayara-maia
Jennifer,Maia,,Women's Flyweight,20-9-1 (W-L-D),/athlete/jennifer-maia
Roshan,Mainam,,Featherweight,0-0-0 (W-L-D),/athlete/roshan-mainam
John,Makdessi,"""The Bull""",Lightweight,18-8-0 (W-L-D),/athlete/john-makdessi
Islam,Makhachev,,Lightweight,24-1-0 (W-L-D),/athlete/islam-makhachev
Bea,Malecki,,Women's Bantamweight,4-1-0 (W-L-D),/athlete/bea-malecki
Jacob,Malkoun,"""Mamba""",Middleweight,7-2-0 (W-L-D),/athlete/jacob-malkoun
Mike,Malott,"""Proper""",Welterweight,9-1-1 (W-L-D),/athlete/kristof-dzhotko
Nate,Maness,"""Mayhem""",Flyweight,14-3-0 (W-L-D),/athlete/nate-maness
Gary,Mangat,,Flyweight,0-0-0 (W-L-D),/athlete/gary-mangat
Marnic,Mann,"""The Sawed-Off Savage""",Women's Strawweight,0-1-0 (W-L-D),/athlete/marnic-mann
Daniel,Marcos,"""Soncora""",Bantamweight,14-0-0 (W-L-D),/athlete/daniel-marcos
Julian,Marquez,"""The Cuban Missile Crisis""",Middleweight,9-4-0 (W-L-D),/athlete/julian-marquez
Francis,Marshall,"""Fire""",Featherweight,7-0-0 (W-L-D),/athlete/francis-marshall
Michal,Martinek,"""Blackbeard""",Heavyweight,0-0-0 (W-L-D),/athlete/michal-martinek
Melissa,Martinez,"""Super Mely""",Women's Strawweight,7-1-0 (W-L-D),/athlete/melissa-martinez
Jonathan,Martinez,"""Dragon""",Bantamweight,17-4-0 (W-L-D),/athlete/jonathan-martinez
Victor,Martinez,"""The Brick""",Lightweight,13-5-0 (W-L-D),/athlete/dzhonatan-pirs-2
Mana,Martinez,"""ManaBoi""",Bantamweight,10-4-0 (W-L-D),/athlete/uillyam-nayt-1
Tiffany,Masters,"""Rainbow Renegade""",Women's Strawweight,2-1-0 (W-L-D),/athlete/tiffany-masters
Jorge,Masvidal,"""Gamebred""",Welterweight,35-16-0 (W-L-D),/athlete/jorge-masvidal
Darius,Mata-Varona,"""The Destroyer""",Heavyweight,0-0-0 (W-L-D),/athlete/darius-mata-varona
Al,Matavao,,Light Heavyweight,0-1-0 (W-L-D),/athlete/al-matavao
Koyomi,Matsushima,,Featherweight,1-1-0 (W-L-D),/athlete/koyomi-matsushima
Connor,Matthews,,Featherweight,0-1-0 (W-L-D),/athlete/connor-matthews
Jake,Matthews,"""The Celtic Kid""",Welterweight,18-6-0 (W-L-D),/athlete/jake-matthews
Miranda,Maverick,"""Fear The""",Women's Flyweight,13-4-0 (W-L-D),/athlete/miranda-maverick
Jack,May,"""The Outlaw""",Heavyweight,7-2-0 (W-L-D),/athlete/jack-may
Don'Tale,Mayes,"""King Kong""",Heavyweight,9-5-0 (W-L-D),/athlete/dontale-mayes
Molly,McCann,"""Meatball""",Women's Flyweight,13-5-0 (W-L-D),/athlete/molly-mccann
Court,McGee,"""The Crusher""",Welterweight,22-11-0 (W-L-D),/athlete/court-mcgee
Conor,McGregor,"""The Notorious""",Lightweight,22-6-0 (W-L-D),/athlete/conor-mcgregor
Cory,McKenna,"""Poppins""",Women's Strawweight,8-2-0 (W-L-D),/athlete/cory-mckenna
Terrance,McKinney,"""T. Wrecks""",Lightweight,13-5-0 (W-L-D),/athlete/terrance-mckinney
Tim,Means,"""The Dirty Bird""",Welterweight,32-14-1 (W-L-D),/athlete/tim-means
Uroš,Medić,"""The Doctor""",Lightweight,8-1-0 (W-L-D),/athlete/uros-medic
Alton,Meeks,"""Murda""",Heavyweight,3-0-0 (W-L-D),/athlete/alton-meeks
Gerald,Meerschaert,"""GM3""",Middleweight,35-15-0 (W-L-D),/athlete/gerald-meerschaert
Mateus,Mendonça,"""Bocao""",Bantamweight,10-1-0 (W-L-D),/athlete/mateus-mendonca
Alonzo,Menifield,"""Atomic""",Light Heavyweight,13-3-1 (W-L-D),/athlete/alonzo-menifield
Mo,Miller,,Bantamweight,1-0-0 (W-L-D),/athlete/mo-miller
Juliana,Miller,"""Killer""",Women's Flyweight,4-1-0 (W-L-D),/athlete/juliana-miller
Jim,Miller,"""A-10""",Lightweight,35-17-0 (W-L-D),/athlete/jim-miller
Zhang,Mingyang,,Light Heavyweight,1-0-0 (W-L-D),/athlete/guram-kutateladze-1
Stipe,Miocic,,Heavyweight,20-4-0 (W-L-D),/athlete/stipe-miocic
Gabriel,Miranda,"""Fly""",Lightweight,16-6-0 (W-L-D),/athlete/gabriel-miranda
Toby,Misech,"""2Quick""",Featherweight,10-5-0 (W-L-D),/athlete/toby-misech
Maurice,Mitchell,,Featherweight,11-2-0 (W-L-D),/athlete/maurice-mitchell
Bryce,Mitchell,"""Thug Nasty""",Featherweight,15-2-0 (W-L-D),/athlete/bryce-mitchell
Renato,Moicano,,Lightweight,17-5-1 (W-L-D),/athlete/renato-moicano
Thiago,Moises,,Lightweight,17-6-0 (W-L-D),/athlete/thiago-moises
Muhammad,Mokaev,"""The Punisher""",Flyweight,9-0-0 (W-L-D),/athlete/liana-dzhodzhua-0
Jeffrey,Molina,"""El Jefe""",Flyweight,11-2-0 (W-L-D),/athlete/jeffrey-molina
Alberto,Montes,,Bantamweight,0-0-0 (W-L-D),/athlete/alberto-montes
Taylor,Moore,,Bantamweight,0-1-0 (W-L-D),/athlete/taylor-moore
Sergio,Moraes,"""The Panther""",Welterweight,14-7-1 (W-L-D),/athlete/sergio-moraes
Michael,Morales,,Welterweight,14-0-0 (W-L-D),/athlete/karlos-olberg-2
Omar,Morales,"""Venezuelan Fighter""",Lightweight,11-3-0 (W-L-D),/athlete/omar-morales
Gisele,Moreira,"""Gi""",Women's Bantamweight,0-0-0 (W-L-D),/athlete/gisele-moreira
Brandon,Moreno,"""The Assassin Baby""",Flyweight,21-6-2 (W-L-D),/athlete/brandon-moreno
Alexander,Morgan,,Featherweight,0-1-0 (W-L-D),/athlete/alexander-morgan
Alex,Morono,"""The Great White""",Welterweight,22-8-0 (W-L-D),/athlete/alex-morono
Maryna,Moroz,"""Iron Lady""",Women's Flyweight,11-4-0 (W-L-D),/athlete/maryna-moroz
Sergey,Morozov,,Bantamweight,19-5-0 (W-L-D),/athlete/sergey-morozov
Nikolas,Motta,"""Iron""",Lightweight,13-4-0 (W-L-D),/athlete/nikolas-motta
Sumudaerji,,"""The Tibetan Eagle""",Flyweight,16-5-0 (W-L-D),/athlete/su-mudaerji
Belal,Muhammad,"""Remember The Name""",Welterweight,22-3-0 (W-L-D),/athlete/belal-muhammad
Jamie,Mullarkey,"""Hooligan""",Lightweight,16-5-0 (W-L-D),/athlete/jamie-mullarkey
Pedro,Munhoz,"""The Young Punisher""",Bantamweight,19-7-0 (W-L-D),/athlete/pedro-munhoz
Emanuel,Muniz,"""No Love""",Middleweight,0-0-0 (W-L-D),/athlete/emanuel-muniz
Andre,Muniz,"""Sergipano""",Middleweight,23-5-0 (W-L-D),/athlete/andre-muniz
Johnny,Munoz,"""Kid Kvenbo""",Bantamweight,12-2-0 (W-L-D),/athlete/johnny-munoz
Alexander,Munoz,,Lightweight,6-2-0 (W-L-D),/athlete/alexander-munoz
Olivier,Murad,,Featherweight,1-0-0 (W-L-D),/athlete/olive-mirad
Makhmud,Muradov,"""Mach""",Middleweight,25-8-0 (W-L-D),/athlete/makhmud-muradov
Kanako,Murata,,Women's Strawweight,12-2-0 (W-L-D),/athlete/kanako-murata
Aili,Muratbek,,Lightweight,0-0-0 (W-L-D),/athlete/aili-muratbek
Vince,Murdock,,Featherweight,12-4-0 (W-L-D),/athlete/vince-murdock
Samandar,Murodov,,Welterweight,1-0-0 (W-L-D),/athlete/samandar-murodov
Lerone,Murphy,"""The Miracle""",Featherweight,11-0-1 (W-L-D),/athlete/lerone-murphy
Lauren,Murphy,"""Lucky""",Women's Flyweight,16-6-0 (W-L-D),/athlete/lauren-murphy
Jesse,Murray,"""Hollywood""",Light Heavyweight,0-1-0 (W-L-D),/athlete/dzhessi-myurrey
Azamat,Murzakanov,"""The Professional""",Light Heavyweight,12-0-0 (W-L-D),/athlete/azamat-murzakanov
Max,Mustaki,"""Mad""",Lightweight,6-3-0 (W-L-D),/athlete/max-mustaki
Liang,Na,"""The Dragon Girl""",Women's Strawweight,17-6-0 (W-L-D),/athlete/liang-na
Muhammadjon,Naimov,,Featherweight,5-1-0 (W-L-D),/athlete/muhammadjon-naimov
Rinya,Nakamura,"""Hybrid""",Bantamweight,7-0-0 (W-L-D),/athlete/rinya-nakamura
Tyson,Nam,,Flyweight,21-12-1 (W-L-D),/athlete/tyson-nam
Rose,Namajunas,"""Thug""",Women's Strawweight,12-5-0 (W-L-D),/athlete/rose-namajunas
Allan,Nascimento,"""Puro Osso""",Flyweight,20-6-0 (W-L-D),/athlete/allan-nascimento
Rodrigo,Nascimento,"""Ze' Colmeia""",Heavyweight,9-1-0 (W-L-D),/athlete/rodrigo-nascimento-ferreira
Nasrudin,Nasrudinov,,Light Heavyweight,0-1-0 (W-L-D),/athlete/nasrudin-nasrudinov
Tafon,Nchukwi,"""Da Don""",Light Heavyweight,6-3-0 (W-L-D),/athlete/tafon-nchukwi
Geoff,Neal,"""Handz of Steel""",Welterweight,15-5-0 (W-L-D),/athlete/geoff-neal
Nicolae,Negumereanu,,Light Heavyweight,13-2-0 (W-L-D),/athlete/nicolae-negumereanu
Nair,Nelikyan,,Lightweight,0-0-0 (W-L-D),/athlete/nair-nelikyan
Gunnar,Nelson,"""Gunni""",Welterweight,18-5-1 (W-L-D),/athlete/gunnar-nelson
Kyle,Nelson,"""The Monster""",Featherweight,13-5-1 (W-L-D),/athlete/kyle-nelson
Eduardo,Neves,,Heavyweight,0-1-0 (W-L-D),/athlete/eduardo-neves
Nick,Newell,,Lightweight,14-1-0 (W-L-D),/athlete/nick-newell
Journey,Newson,,Bantamweight,10-4-0 (W-L-D),/athlete/journey-newson
Steven,Nguyen,,Featherweight,1-0-0 (W-L-D),/athlete/dzhelin-tyorner-0
Bo,Nickal,,Middleweight,4-0-0 (W-L-D),/athlete/bo-nickal
Matheus,Nicolau,,Flyweight,19-3-1 (W-L-D),/athlete/matheus-nicolau
Jaimee,Nievera,"""Queenie""",Women's Flyweight,7-4-0 (W-L-D),/athlete/jaimee-nievera
Chidi,Njokuani,"""Bang Bang""",Middleweight,22-8-0 (W-L-D),/athlete/bruno-korea-0
Kyle,Noblitt,,Heavyweight,0-0-0 (W-L-D),/athlete/kyle-noblitt
Shohei,Nose,,Bantamweight,1-1-0 (W-L-D),/athlete/shohei-nose
Shayilan,Nuerdanbieke,"""Wolverine""",Featherweight,39-10-0 (W-L-D),/athlete/shayilan-nuerdanbieke
Istela,Nunes,,Women's Strawweight,6-4-0 (W-L-D),/athlete/istela-nunes
Amanda,Nunes,"""The Lioness""",Women's Bantamweight,22-5-0 (W-L-D),/athlete/amanda-nunes
Josiane,Nunes,"""Josi""",Women's Featherweight,10-1-0 (W-L-D),/athlete/josiane-nunes
Abubakar,Nurmagomedov,,Welterweight,17-3-1 (W-L-D),/athlete/abubakar-nurmagomedov
Umar,Nurmagomedov,,Bantamweight,16-0-0 (W-L-D),/athlete/umar-nurmagomedov
Jesse,Nutting,,Middleweight,0-0-0 (W-L-D),/athlete/jesse-nutting
Kennedy,Nzechukwu,"""African Savage""",Light Heavyweight,11-3-0 (W-L-D),/athlete/kennedy-nzechukwu
Sean,O'Malley,"""Sugar""",Bantamweight,16-1-0 (W-L-D),/athlete/sean-omalley
Casey,O'Neill,"""King""",Women's Flyweight,9-0-0 (W-L-D),/athlete/casey-oneill
Christian,Ocon,"""The Don""",Bantamweight,4-0-0 (W-L-D),/athlete/christian-ocon
Volkan,Oezdemir,"""No Time""",Light Heavyweight,18-7-0 (W-L-D),/athlete/volkan-oezdemir
Trey,Ogden,"""Samurai Ghost """,Lightweight,16-5-0 (W-L-D),/athlete/trey-ogden
Ho,Taek,,Lightweight,0-0-0 (W-L-D),/athlete/ho-taek-oh
JJ,Okanovich,"""The Bosnian Bomber""",Lightweight,0-0-0 (W-L-D),/athlete/jj-okanovich
Michal,Oleksiejczuk,"""Hussar""",Middleweight,18-5-0 (W-L-D),/athlete/michal-oleksiejczuk
Saimon,Oliveira,,Bantamweight,18-5-0 (W-L-D),/athlete/liana-dzhodzhua-1
Maria,Oliveira,"""Spider Girl""",Women's Strawweight,13-6-0 (W-L-D),/athlete/maria-oliveira
Bruno,Oliveira,,Light Heavyweight,0-1-0 (W-L-D),/athlete/bruno-oliveira
Charles,Oliveira,"""Do Bronx""",Lightweight,33-9-0 (W-L-D),/athlete/charles-oliveira
Cameron,Olson,"""Cap'n Crunch""",Light Heavyweight,8-3-0 (W-L-D),/athlete/cameron-olson
David,Onama,,Featherweight,10-2-0 (W-L-D),/athlete/david-onama
Chibwikem,Onyenegecha,,Middleweight,6-0-0 (W-L-D),/athlete/chibwikem-onyenegecha
Brian,Ortega,"""T-City""",Featherweight,15-3-0 (W-L-D),/athlete/brian-ortega
Ode',Osbourne,"""The Jamaican Sensation""",Flyweight,11-5-0 (W-L-D),/athlete/ode-osbourne
Sidney,Outlaw,,Welterweight,9-4-0 (W-L-D),/athlete/sidney-outlaw
Fernando,Padilla,,Featherweight,0-0-0 (W-L-D),/athlete/vegnni-fabiano-3
Dinis,Paiva,,Featherweight,13-8-0 (W-L-D),/athlete/dinis-paiva
Rick,Palacios,"""El Gallero""",Featherweight,10-1-0 (W-L-D),/athlete/rick-palacios
Alexandre,Pantoja,"""The Cannibal""",Flyweight,25-5-0 (W-L-D),/athlete/alexandre-pantoja
Kathryn,Paprocki,,Women's Strawweight,0-1-0 (W-L-D),/athlete/ketrin-paprokki
Josh,Parisian,,Heavyweight,15-6-0 (W-L-D),/athlete/josh-parisian
Junyong,Park,"""The Iron Turtle""",Middleweight,16-5-0 (W-L-D),/athlete/jun-yong-park
Harvey,Park,,Lightweight,0-0-0 (W-L-D),/athlete/harvey-park
HyunSung,Park,"""Peace of Mind""",Flyweight,8-0-0 (W-L-D),/athlete/hyunsung-park
Mick,Parkin,,Heavyweight,6-0-0 (W-L-D),/athlete/mick-parkin
Preston,Parsons,"""Pressure""",Welterweight,10-3-0 (W-L-D),/athlete/kameron-els-0
Jonny,Parsons,"""The Sluggernaut""",Welterweight,8-2-0 (W-L-D),/athlete/norma-dyumont-viana-3
Jhonoven,Pati,,Middleweight,0-1-0 (W-L-D),/athlete/jhonoven-pati
Sam,Patterson,,Lightweight,1-0-0 (W-L-D),/athlete/sam-patterson
Zac,Pauga,"""The Ripper""",Light Heavyweight,7-1-0 (W-L-D),/athlete/zac-pauga
Thomas,Paull,,Lightweight,0-1-0 (W-L-D),/athlete/thomas-paull
Sergei,Pavlovich,,Heavyweight,17-1-0 (W-L-D),/athlete/sergei-pavlovich
Jonathan,Pearce,"""JSP""",Featherweight,14-4-0 (W-L-D),/athlete/jonathan-pearce
Carlo,Pedersoli,"""Semento""",Welterweight,11-3-0 (W-L-D),/athlete/carlo-pedersoli
Tyson,Pedro,,Light Heavyweight,9-4-0 (W-L-D),/athlete/tyson-pedro
Trevor,Peek,,Lightweight,8-0-0 (W-L-D),/athlete/trevor-peek
Matěj,Peňáz,,Middleweight,0-1-0 (W-L-D),/athlete/matej-penaz
Jessica,Penne,,Women's Strawweight,14-8-0 (W-L-D),/athlete/jessica-penne
Raquel,Pennington,"""Rocky""",Women's Bantamweight,15-9-0 (W-L-D),/athlete/raquel-pennington
Julianna,Peña,"""The Venezuelan Vixen""",Women's Bantamweight,12-5-0 (W-L-D),/athlete/julianna-pena
Daniel,Pereira,,Middleweight,0-0-0 (W-L-D),/athlete/daniel-pereira
Alex,Pereira,"""Poatan""",Middleweight,7-1-0 (W-L-D),/athlete/alex-pereira
Michel,Pereira,"""Demolidor""",Welterweight,28-11-0 (W-L-D),/athlete/michel-pereira
Dorian,Perez,"""Disturbing The Peace""",Heavyweight,0-0-0 (W-L-D),/athlete/dorian-perez
Ailin,Perez,"""Fiona""",Women's Featherweight,7-2-0 (W-L-D),/athlete/ailin-perez
Alex,Perez,,Flyweight,24-7-0 (W-L-D),/athlete/alex-perez
Steven,Peterson,"""Ocho""",Featherweight,19-10-0 (W-L-D),/athlete/steven-peterson
Vitor,Petrino,,Light Heavyweight,7-0-0 (W-L-D),/athlete/vitor-petrino
Andre,Petroski,,Middleweight,9-2-0 (W-L-D),/athlete/viven-araudzho
Armen,Petrosyan,"""Superman""",Middleweight,8-2-0 (W-L-D),/athlete/karlos-olberg-4
Peter,Petties,"""The Joker""",Featherweight,5-3-0 (W-L-D),/athlete/peter-petties
Kyler,Phillips,"""The Matrix""",Bantamweight,10-2-0 (W-L-D),/athlete/kyler-phillips
Aaron,Phillips,"""The Dragon""",Bantamweight,12-4-0 (W-L-D),/athlete/aaron-phillips
Vinc,Pichel,"""From Hell""",Lightweight,14-3-0 (W-L-D),/athlete/vinc-pichel
Jamie,Pickett,"""The Night Wolf""",Middleweight,13-9-0 (W-L-D),/athlete/jamie-pickett
Paddy,Pimblett,"""The Baddy""",Lightweight,20-3-0 (W-L-D),/athlete/paddy-pimblett
Daniel,Pineda,"""The Pit""",Featherweight,27-14-0 (W-L-D),/athlete/daniel-pineda
Luana,Pinheiro,,Women's Strawweight,10-1-0 (W-L-D),/athlete/luana-pinheiro
Jamal,Pogues,,Heavyweight,10-3-0 (W-L-D),/athlete/jamal-pogues
Dustin,Poirier,"""The Diamond""",Lightweight,29-7-0 (W-L-D),/athlete/dustin-poirier
Julia,Polastri,,Women's Flyweight,0-1-0 (W-L-D),/athlete/kori-makkenna-7
Santiago,Ponzinibbio,"""Argentine Dagger""",Welterweight,30-6-0 (W-L-D),/athlete/santiago-ponzinibbio
Alexander,Poppeck,,Light Heavyweight,0-0-0 (W-L-D),/athlete/alexander-poppeck
Parker,Porter,,Heavyweight,13-8-0 (W-L-D),/athlete/parker-porter
Ihor,Potieria,"""The Duelist""",Light Heavyweight,20-3-0 (W-L-D),/athlete/ikhor-poteria
Dylan,Potter,,Heavyweight,0-1-0 (W-L-D),/athlete/dilan-potter
Marcin,Prachnio,,Light Heavyweight,16-6-0 (W-L-D),/athlete/marcin-prachnio
Francisco,Prado,,Lightweight,11-1-0 (W-L-D),/athlete/francisco-prado
Ricardo,Prasel,"""Alemao""",Heavyweight,9-2-0 (W-L-D),/athlete/ricardo-prasel
Niko,Price,"""The Hybrid""",Welterweight,15-6-0 (W-L-D),/athlete/niko-price
Jiří,Procházka,,Light Heavyweight,29-3-1 (W-L-D),/athlete/jiri-prochazka
Andrew,Provost,,Welterweight,0-0-0 (W-L-D),/athlete/andrew-provost
Lucie,Pudilova,,Women's Bantamweight,9-6-0 (W-L-D),/athlete/lucie-pudilova
Claudio,Puelles,"""Prince of Peru""",Lightweight,13-3-0 (W-L-D),/athlete/claudio-puelles
Juan,Puerta,,Flyweight,1-0-0 (W-L-D),/athlete/glover-teysheyra-0
Joe,Pyfer,"""Bodybagz""",Middleweight,9-2-0 (W-L-D),/athlete/joe-pyfer
Billy,Quarantillo,,Featherweight,17-4-0 (W-L-D),/athlete/billy-quarantillo
Josh,Quinlan,"""Bushido""",Welterweight,6-0-0 (W-L-D),/athlete/niklas-shtolce-0
Landon,Quinones,,Lightweight,0-0-0 (W-L-D),/athlete/landon-quinones
Isaih,Quinones,"""Pretty Boy""",Light Heavyweight,0-0-0 (W-L-D),/athlete/isaih-quinones
Cristian,Quiñonez,"""Problema""",Bantamweight,18-3-0 (W-L-D),/athlete/trevin-dzhayls-6
Loik,Radzhabov,"""Jaguar Paw """,Lightweight,16-4-1 (W-L-D),/athlete/loik-radzhabov
Shavkat,Rakhmonov,"""Nomad""",Welterweight,17-0-0 (W-L-D),/athlete/shavkat-rakhmonov
Aleksandar,Rakić,"""Rocket""",Light Heavyweight,14-3-0 (W-L-D),/athlete/aleksandar-rakic
Ricardo,Ramos,,Featherweight,16-4-0 (W-L-D),/athlete/ricardo-ramos
Mitch,Raposo,,Flyweight,0-1-0 (W-L-D),/athlete/aleks-oliveyra-2
Mateusz,Rębecki,"""Chinczyk""",Lightweight,17-1-0 (W-L-D),/athlete/mateusz-rebecki
Greg,Rebello,"""Ribz""",Heavyweight,24-8-0 (W-L-D),/athlete/greg-rebello
Karl,Reed,"""No Worries""",Light Heavyweight,2-1-0 (W-L-D),/athlete/karl-reed
Elise,Reed,,Women's Strawweight,6-3-0 (W-L-D),/athlete/karlos-olberg-3
Steve,Regman,"""""The Predator""""",Middleweight,9-3-0 (W-L-D),/athlete/steve-regman
Paulo,Renato,,Heavyweight,0-1-0 (W-L-D),/athlete/paulo-renato-jr
Solomon,Renfro,"""The Black Dragon/King""",Welterweight,0-1-0 (W-L-D),/athlete/norma-dyumont-viana-4
Kyle,Reyes,,Featherweight,0-0-0 (W-L-D),/athlete/kyle-reyes
Alex,Reyes,"""The Executioner""",Welterweight,13-3-0 (W-L-D),/athlete/alex-reyes
Dominick,Reyes,"""The Devastator""",Light Heavyweight,12-4-0 (W-L-D),/athlete/dominick-reyes
Victor,Reyna,,Welterweight,11-5-0 (W-L-D),/athlete/victor-reyna
Lucrezia,Ria,,Women's Flyweight,0-0-0 (W-L-D),/athlete/lucrezia-ria
Amanda,Ribas,,Women's Flyweight,12-3-0 (W-L-D),/athlete/amanda-ribas
Claudio,Ribeiro,,Middleweight,10-3-0 (W-L-D),/athlete/claudio-ribeiro
Esteban,Ribovics,"""El Gringo""",Lightweight,11-1-0 (W-L-D),/athlete/esteban-ribovics
Tabatha,Ricci,"""Baby Shark""",Women's Strawweight,8-1-0 (W-L-D),/athlete/tabatha-ricci
Brad,Riddell,"""Quake""",Lightweight,10-4-0 (W-L-D),/athlete/brad-riddell
Theo,Rlayang,,Featherweight,0-1-0 (W-L-D),/athlete/teo-rlaeng
Kali,Robbins,"""Pop Tart""",Women's Strawweight,6-2-0 (W-L-D),/athlete/kali-robbins
Danny,Roberts,"""Hot Chocolate""",Welterweight,18-7-0 (W-L-D),/athlete/danny-roberts
Gillian,Robertson,"""The Savage""",Women's Flyweight,11-7-0 (W-L-D),/athlete/gillian-robertson
Kleydson,Rodrigues,"""KR""",Flyweight,8-2-0 (W-L-D),/athlete/kleidison-rodrigues
Gregory,Rodrigues,"""Robocop""",Middleweight,13-5-0 (W-L-D),/athlete/gregory-rodrigues
Pete,Rodriguez,"""Dead Game""",Welterweight,5-1-0 (W-L-D),/athlete/pete-rodriguez
Luis,Rodriguez,,Flyweight,0-1-0 (W-L-D),/athlete/luis-rodriguez
Daniel,Rodriguez,"""D-Rod""",Welterweight,17-3-0 (W-L-D),/athlete/daniel-rodriguez
Piera,Rodriguez,"""La Fiera""",Women's Strawweight,9-0-0 (W-L-D),/athlete/norma-dyumont-viana-0
Azael,Rodriguez,"""La Bomba""",Middleweight,0-0-0 (W-L-D),/athlete/azael-rodriguez
Christian,Rodriguez,,Bantamweight,8-1-0 (W-L-D),/athlete/ches-skelli-0
Marina,Rodriguez,,Women's Strawweight,16-2-2 (W-L-D),/athlete/marina-rodriguez
Yair,Rodriguez,"""El Pantera""",Featherweight,16-3-0 (W-L-D),/athlete/yair-rodriguez
Alexandr,Romanov,"""King Kong""",Heavyweight,16-1-0 (W-L-D),/athlete/alexandr-romanov
Anthony,Romero,,Lightweight,1-0-0 (W-L-D),/athlete/anthony-romero
Kaleio,Romero,,Featherweight,0-1-0 (W-L-D),/athlete/kaleio-romero
Juancamilo,Ronderos,"""100""",Flyweight,4-2-0 (W-L-D),/athlete/juancamilo-ronderos
Charles,Rosa,"""Boston Strong""",Featherweight,14-8-0 (W-L-D),/athlete/charles-rosa
Karol,Rosa,,Women's Bantamweight,16-4-0 (W-L-D),/athlete/karol-rosa
Jacob,Rosales,"""Lil' Badger""",Lightweight,11-5-0 (W-L-D),/athlete/dzhonatan-pirs-0
Raul,Rosas,"""El Nino Problema""",Bantamweight,7-0-0 (W-L-D),/athlete/raul-rosas-jr
Hilarie,Rose,,Women's Strawweight,4-2-0 (W-L-D),/athlete/hilarie-rose
Shannon,Ross,"""The Turkish Delight""",Flyweight,13-7-0 (W-L-D),/athlete/shannon-ross
Khalil,Rountree,,Light Heavyweight,12-5-0 (W-L-D),/athlete/khalil-rountree-jr
Phil,Rowe,"""The Fresh Prince""",Welterweight,10-3-0 (W-L-D),/athlete/philip-rowe
Brandon,Royval,"""Raw Dawg""",Flyweight,14-6-0 (W-L-D),/athlete/brandon-royval
Jairzinho,Rozenstruik,"""Bigi Boy""",Heavyweight,13-4-0 (W-L-D),/athlete/jairzinho-rozenstruik
Montserrat,Ruiz,"""Conejo""",Women's Strawweight,10-2-0 (W-L-D),/athlete/montserrat-ruiz
Cameron,Saaiman,"""MSP""",Bantamweight,8-0-0 (W-L-D),/athlete/cameron-saaiman
Danny,Sabatello,,Bantamweight,1-0-0 (W-L-D),/athlete/danny-sabatello
Pat,Sabatini,,Featherweight,17-4-0 (W-L-D),/athlete/pat-sabatini
Nazim,Sadykhov,"""Black Wolf""",Lightweight,8-1-0 (W-L-D),/athlete/nazim-sadykhov
Frankie,Saenz,,Bantamweight,13-7-0 (W-L-D),/athlete/frankie-saenz
Benoît,Saint-Denis,,Lightweight,10-1-0 (W-L-D),/athlete/mariya-agapova-0
Ovince,Saint,,Light Heavyweight,26-17-0 (W-L-D),/athlete/ovince-saint-preux
Augusto,Sakai,,Heavyweight,16-5-1 (W-L-D),/athlete/augusto-sakai
Luis,Saldana,,Featherweight,16-7-1 (W-L-D),/athlete/luis-saldana
Muslim,Salikhov,"""King of Kung Fu""",Welterweight,19-3-0 (W-L-D),/athlete/muslim-salikhov
Vinicius,Salvador,,Flyweight,14-4-0 (W-L-D),/athlete/vegnni-fabiano-2
Cory,Sandhagen,,Bantamweight,15-4-0 (W-L-D),/athlete/cory-sandhagen
Martin,Sano,"""Spartan""",Welterweight,4-3-0 (W-L-D),/athlete/martin-sano
James,Santamaria,"""Jimmy""",Middleweight,0-0-0 (W-L-D),/athlete/james-santamaria
Shaheen,Santana,,Lightweight,0-1-0 (W-L-D),/athlete/shaheen-santana
Richie,Santiago,"""The Milford Mauler""",Bantamweight,7-1-0 (W-L-D),/athlete/richie-santiago
Will,Santiago,"""The Brown Bomber""",Middleweight,9-6-0 (W-L-D),/athlete/will-santiago
Daniel,Santos,"""Willycat""",Bantamweight,1-1-0 (W-L-D),/athlete/daniel-santos
Marilia,Santos,,Women's Flyweight,0-0-0 (W-L-D),/athlete/marilia-santos
Edivan,Santos,,Heavyweight,0-1-0 (W-L-D),/athlete/mario-souza-2
Leonardo,Santos,,Lightweight,18-7-1 (W-L-D),/athlete/leonardo-santos
Taila,Santos,,Women's Flyweight,19-2-0 (W-L-D),/athlete/taila-santos
Yana,Santos,,Women's Bantamweight,14-6-0 (W-L-D),/athlete/yana-kunitskaya
Jeka,Saragih,,Lightweight,13-3-0 (W-L-D),/athlete/jeka-saragih
Keisuke,Sasu,"""“Sasuke”""",Featherweight,1-1-0 (W-L-D),/athlete/keisuke-sasu
Takashi,Sato,"""Ten""",Welterweight,16-7-0 (W-L-D),/athlete/takashi-sato
Brandon,Sayles,,Heavyweight,0-0-0 (W-L-D),/athlete/brandon-sayles
Matheus,Scheffel,,Light Heavyweight,0-1-0 (W-L-D),/athlete/matheus-scheffel
Matt,Schnell,"""Danger""",Flyweight,16-7-0 (W-L-D),/athlete/matt-schnell
Jewel,Scott,"""Kidd Diamond""",Lightweight,0-0-0 (W-L-D),/athlete/jewel-scott
Tetsuya,Seki,,Lightweight,0-0-0 (W-L-D),/athlete/tetsuya-seki
Matthew,Semelsberger,"""Semi the Jedi""",Welterweight,11-4-0 (W-L-D),/athlete/matthew-semelsberger
YeDam,Seo,,Women's Strawweight,0-1-0 (W-L-D),/athlete/yedam-seo
Leon,Shahbazyan,,Welterweight,7-1-0 (W-L-D),/athlete/leon-shahbazyan
Edmen,Shahbazyan,"""The Golden Boy""",Middleweight,12-3-0 (W-L-D),/athlete/edmen-shahbazyan
Don,Shainis,"""Shameless""",Featherweight,12-5-0 (W-L-D),/athlete/don-shainis
Chase,Sherman,"""The Vanilla Gorilla """,Heavyweight,16-11-0 (W-L-D),/athlete/chase-sherman
Antonina,Shevchenko,"""La Pantera""",Women's Flyweight,10-4-0 (W-L-D),/athlete/antonina-shevchenko
Valentina,Shevchenko,"""Bullet""",Women's Flyweight,23-4-0 (W-L-D),/athlete/valentina-shevchenko
Henrique,Shiguemoto,,Middleweight,0-1-0 (W-L-D),/athlete/henrique-shiguemoto
Jack,Shore,"""Tank""",Featherweight,16-1-0 (W-L-D),/athlete/jack-shore
Maria,Silva,,Women's Strawweight,1-1-0 (W-L-D),/athlete/mariya-agapova-3
Jansey,Silva,,Middleweight,0-1-0 (W-L-D),/athlete/trevin-dzhayls-3
Jacob,Silva,,Flyweight,0-2-0 (W-L-D),/athlete/jacob-silva
Bruno,Silva,"""Bulldog""",Flyweight,12-5-2 (W-L-D),/athlete/bruno-silva
Natalia,Silva,,Women's Flyweight,14-5-1 (W-L-D),/athlete/natalia-silva
Erik,Silva,"""The King """,Featherweight,9-2-0 (W-L-D),/athlete/erik-silva
Karine,Silva,"""Killer""",Women's Flyweight,15-4-0 (W-L-D),/athlete/trevin-dzhayls-0
Bruno,Silva,"""Blindado""",Middleweight,22-8-0 (W-L-D),/athlete/bruno-silva-blindado
Joaquim,Silva,"""Netto BJJ""",Lightweight,12-4-0 (W-L-D),/athlete/joaquim-silva
Mayra,Bueno,"""Sheetara""",Women's Bantamweight,10-2-1 (W-L-D),/athlete/mayra-bueno-silva
Douglas,Silva,"""D Silva""",Bantamweight,28-5-0 (W-L-D),/athlete/douglas-silva-de-andrade
Ricky,Simon,,Bantamweight,20-3-0 (W-L-D),/athlete/ricky-simon
Everett,Sims,,Heavyweight,4-1-0 (W-L-D),/athlete/everett-sims
Mitchell,Sipe,"""The Sniper""",Heavyweight,4-1-0 (W-L-D),/athlete/mitchell-sipe
Gian,Siqueira,,Welterweight,0-1-0 (W-L-D),/athlete/gian-siqueira
Jeremia,Siregar,,Flyweight,0-1-0 (W-L-D),/athlete/jeremia-siregar
Nate,Smith,,Flyweight,0-1-0 (W-L-D),/athlete/nate-smith
Michael,Smith,"""Slap Jesus""",Welterweight,0-0-0 (W-L-D),/athlete/michael-smith
Anthony,Smith,"""Lionheart""",Light Heavyweight,36-17-0 (W-L-D),/athlete/anthony-smith
Shimon,Smotritsky,"""The Assassin""",Welterweight,0-2-0 (W-L-D),/athlete/mettyu-semelsberger-2
Devin,Smyth,,Welterweight,0-0-0 (W-L-D),/athlete/devin-smyth
Joe,Solecki,,Lightweight,12-3-0 (W-L-D),/athlete/joe-solecki
Yadong,Song,,Bantamweight,19-7-1 (W-L-D),/athlete/yadong-song
Emiliano,Sordi,"""He-Man""",Light Heavyweight,16-7-0 (W-L-D),/athlete/emiliano-sordi
Punahele,Soriano,"""Puna""",Middleweight,9-3-0 (W-L-D),/athlete/punahele-soriano
Mario,Sousa,"""Coração Valente""",Middleweight,1-2-0 (W-L-D),/athlete/mario-sousa
Willian,Souza,,Bantamweight,0-0-0 (W-L-D),/athlete/willian-souza
Ryan,Spann,"""Superman""",Light Heavyweight,21-7-0 (W-L-D),/athlete/ryan-spann
Serghei,Spivac,"""Polar Bear""",Heavyweight,16-3-0 (W-L-D),/athlete/sergey-spivak-0
Daniel,Spohn,"""Dragon""",Light Heavyweight,16-5-0 (W-L-D),/athlete/daniel-spohn
Cody,Stamann,"""Spartan""",Bantamweight,21-5-1 (W-L-D),/athlete/cody-stamann
Ricky,Steele,,Bantamweight,0-0-0 (W-L-D),/athlete/ricky-steele
Aljamain,Sterling,"""Funk Master""",Bantamweight,22-3-0 (W-L-D),/athlete/aljamain-sterling
Lazar,Stojadinovic,,Featherweight,12-6-0 (W-L-D),/athlete/lazar-stojadinovic
Julija,Stoliarenko,,Women's Bantamweight,10-8-2 (W-L-D),/athlete/julija-stoliarenko
Dustin,Stoltzfus,,Middleweight,14-5-0 (W-L-D),/athlete/dustin-stoltzfus
Sean,Strickland,,Light Heavyweight,26-5-0 (W-L-D),/athlete/sean-strickland
Tatiana,Suarez,,Women's Flyweight,10-0-0 (W-L-D),/athlete/tatiana-suarez
Lukasz,Sudolski,,Light Heavyweight,0-1-0 (W-L-D),/athlete/lukasz-sudolski
Justin,Sumter,"""The Fort""",Middleweight,7-2-0 (W-L-D),/athlete/justin-sumter
Rama,Supandhi,,Flyweight,0-1-0 (W-L-D),/athlete/rama-supandhi
Danilo,Suzart,,Heavyweight,0-1-0 (W-L-D),/athlete/danilo-suzart
Daniel,Swain,,Featherweight,20-10-1 (W-L-D),/athlete/daniel-swain
Cub,Swanson,,Bantamweight,28-13-0 (W-L-D),/athlete/cub-swanson
Oumar,Sy,,Light Heavyweight,0-0-0 (W-L-D),/athlete/oumar-sy
Kevin,Syler,"""El Nino Bala""",Lightweight,10-1-0 (W-L-D),/athlete/kevin-syler
Kevin,Szaflarski,,Heavyweight,0-0-0 (W-L-D),/athlete/kevin-szaflarski
Junior,Tafa,,Heavyweight,0-0-0 (W-L-D),/athlete/dzhunior-tafa
Justin,Tafa,"""Bad Man""",Heavyweight,6-3-0 (W-L-D),/athlete/justin-tafa
Tatsuro,Taira,,Flyweight,13-0-0 (W-L-D),/athlete/tatsuro-taira
Miesha,Tate,"""Cupcake""",Women's Flyweight,19-9-0 (W-L-D),/athlete/miesha-tate
Brad,Tavares,,Middleweight,19-8-0 (W-L-D),/athlete/brad-tavares
Paul,Teague,"""The Ninja Turtle""",Welterweight,0-0-0 (W-L-D),/athlete/paul-teague
Shawn,Teed,,Heavyweight,5-2-0 (W-L-D),/athlete/shawn-teed
Taneisha,Tennant,,Women's Featherweight,5-1-0 (W-L-D),/athlete/taneisha-tennant
Testy,Test,"""Testy""",Heavyweight,0-0-0 (W-L-D),/athlete/testy-test
David,Teymur,,Lightweight,8-2-0 (W-L-D),/athlete/david-teymur
Christapher,Thomas,"""KO Chris""",Welterweight,0-0-0 (W-L-D),/athlete/christapher-thomas
Stephen,Thompson,"""Wonderboy""",Welterweight,17-6-1 (W-L-D),/athlete/stephen-thompson
Darren,Till,"""The Gorilla""",Middleweight,18-5-1 (W-L-D),/athlete/darren-till
Denis,Tiuliulin,,Middleweight,11-7-0 (W-L-D),/athlete/denis-tiuliulin
Andrew,Todhunter,"""The Sniper""",Welterweight,8-0-0 (W-L-D),/athlete/andrew-todhunter
Duško,Todorović,"""Thunder""",Middleweight,12-3-0 (W-L-D),/athlete/dusko-todorovic
Tuco,Tokkos,,Light Heavyweight,0-1-0 (W-L-D),/athlete/tuco-tokkos
Ilia,Topuria,"""El  Matador""",Featherweight,13-0-0 (W-L-D),/athlete/ilia-topuria
Manuel,Torres,"""El Loco""",Lightweight,13-2-0 (W-L-D),/athlete/trevin-dzhayls-5
Desmond,Torres,,Bantamweight,0-0-0 (W-L-D),/athlete/desmond-torres
Tecia,Torres,"""The Tiny Tornado""",Women's Strawweight,13-6-0 (W-L-D),/athlete/tecia-torres
Angelo,Trevino,,Welterweight,7-2-0 (W-L-D),/athlete/angelo-trevino
Robert,Trujillo,"""The Real Deal""",Lightweight,0-0-0 (W-L-D),/athlete/robert-trujillo
Arman,Tsarukyan,"""Ahalkalakets""",Lightweight,19-3-0 (W-L-D),/athlete/arman-tsarukyan
Rei,Tsuruya,,Flyweight,0-0-0 (W-L-D),/athlete/rei-tsuruya
Gavin,Tucker,"""Guv'nor""",Featherweight,13-2-0 (W-L-D),/athlete/gavin-tucker
Tai,Tuivasa,"""BAM BAM""",Heavyweight,15-5-0 (W-L-D),/athlete/tai-tuivasa
Zubaira,Tukhugov,"""Warrior""",Lightweight,20-6-1 (W-L-D),/athlete/zubaira-tukhugov
Ricky,Turcios,,Bantamweight,13-3-0 (W-L-D),/athlete/ricky-turcios
Anton,Turkalj,"""The Pleasure Man """,Light Heavyweight,8-1-0 (W-L-D),/athlete/meyson-dzhons-2
Wellington,Turman,"""The Prodigy""",Middleweight,18-6-0 (W-L-D),/athlete/wellington-turman
Jalin,Turner,"""The Tarantula""",Lightweight,14-6-0 (W-L-D),/athlete/jalin-turner
Austin,Turpin,"""Turp""",Heavyweight,0-0-0 (W-L-D),/athlete/austin-turpin
Austin,Tweedy,"""The Flash""",Lightweight,8-2-0 (W-L-D),/athlete/austin-tweedy
Marcin,Tybura,"""Tybur""",Heavyweight,24-7-0 (W-L-D),/athlete/marcin-tybura
Takeru,Uchida,,Flyweight,1-0-0 (W-L-D),/athlete/takeru-uchida
Tagir,Ulanbekov,,Flyweight,15-2-0 (W-L-D),/athlete/tagir-ulanbekov
Carlos,Ulberg,"""Black Jag""",Light Heavyweight,8-1-0 (W-L-D),/athlete/carlos-ulberg
Logan,Urban,,Welterweight,0-0-0 (W-L-D),/athlete/logan-urban
Gilbert,Urbina,,Middleweight,6-2-0 (W-L-D),/athlete/gilbert-urbina
Elias,Urbina,,Middleweight,3-1-0 (W-L-D),/athlete/elias-urbina
Nick,Urso,,Flyweight,10-4-0 (W-L-D),/athlete/nick-urso
Sho,Patrick,,Lightweight,0-0-0 (W-L-D),/athlete/sho-patrick-usami
Mohammed,Usman,"""The Motor""",Heavyweight,9-2-0 (W-L-D),/athlete/mohammed-usman
Kamaru,Usman,"""Nigerian Nightmare""",Welterweight,20-2-0 (W-L-D),/athlete/kamaru-usman
Genaro,Valdez,"""Rayadito""",Lightweight,10-2-0 (W-L-D),/athlete/mark-shtrigl-0
Ivan,Valenzuela,,Middleweight,0-1-0 (W-L-D),/athlete/ivan-valenzuela
Jared,Vanderaa,,Heavyweight,12-10-0 (W-L-D),/athlete/jared-vanderaa
Austin,Vanderford,,Welterweight,4-0-0 (W-L-D),/athlete/austin-vanderford
Lando,Vannata,"""Groovy""",Featherweight,12-6-2 (W-L-D),/athlete/lando-vannata
Manny,Vazquez,,Flyweight,11-2-0 (W-L-D),/athlete/manny-vazquez
Kelly,Velasco,"""Killer""",Women's Bantamweight,2-2-0 (W-L-D),/athlete/kelly-velasco
Marlon,Vera,"""Chito""",Bantamweight,20-7-1 (W-L-D),/athlete/marlon-vera
Nikolay,Veretennikov,,Welterweight,0-1-0 (W-L-D),/athlete/nikolay-veretennikov
CJ,Vergara,,Flyweight,10-4-1 (W-L-D),/athlete/cj-vergara
Marvin,Vettori,"""The Italian Dream""",Middleweight,18-6-1 (W-L-D),/athlete/marvin-vettori
Polyana,Viana,"""Dama de Ferro""",Women's Strawweight,13-5-0 (W-L-D),/athlete/polyana-viana
Tamires,Vidal,"""Tractor """,Women's Bantamweight,7-1-0 (W-L-D),/athlete/tamires-vidal
Rodolfo,Vieira,,Middleweight,8-2-0 (W-L-D),/athlete/rodolfo-vieira
Ketlen,Vieira,"""Fenomeno""",Women's Bantamweight,13-3-0 (W-L-D),/athlete/ketlen-vieira
Armando,Villarreal,"""La Lumbre""",Bantamweight,5-1-0 (W-L-D),/athlete/armando-villarreal
Cheyanne,Vlismas,"""The Warrior Princess""",Women's Strawweight,7-3-0 (W-L-D),/athlete/cheyanne-vlismas
Alexander,Volkanovski,"""The Great""",Lightweight,25-2-0 (W-L-D),/athlete/alexander-volkanovski
Alexander,Volkov,"""Drago""",Heavyweight,35-10-0 (W-L-D),/athlete/alexander-volkov
Chase,Waldon,,Middleweight,11-3-0 (W-L-D),/athlete/chase-waldon
Brogan,Walker,"""Brogie The Bear""",Women's Flyweight,8-3-0 (W-L-D),/athlete/brogan-walker
Johnny,Walker,,Light Heavyweight,20-7-0 (W-L-D),/athlete/johnny-walker
Randall,Wallace,"""Braveheart""",Middleweight,15-7-0 (W-L-D),/athlete/randall-wallace
James,Wallace,"""Jesse""",Lightweight,9-2-0 (W-L-D),/athlete/james-wallace
Joshua,Wang-Kim,,Bantamweight,0-1-0 (W-L-D),/athlete/joshua-wang-kim
Trey,Waters,,Welterweight,0-1-0 (W-L-D),/athlete/trey-waters
Michelle,Waterson-Gomez,"""The Karate Hottie""",Women's Strawweight,18-10-0 (W-L-D),/athlete/michelle-waterson
Chris,Weidman,"""The All-American""",Middleweight,15-6-0 (W-L-D),/athlete/chris-weidman
Jeremiah,Wells,,Welterweight,11-2-0 (W-L-D),/athlete/jeremiah-wells
Sheldon,Westcott,,Welterweight,10-3-1 (W-L-D),/athlete/sheldon-westcott
Patrik,White,"""Prime Time""",Lightweight,0-1-0 (W-L-D),/athlete/patrik-uayt
Robert,Whittaker,"""The Reaper""",Middleweight,25-6-0 (W-L-D),/athlete/robert-whittaker
Josh,Wick,,Lightweight,0-1-0 (W-L-D),/athlete/josh-wick
Khaos,Williams,"""The Oxfighter""",Welterweight,13-3-0 (W-L-D),/athlete/khaos-williams
Karl,Williams,,Heavyweight,7-1-0 (W-L-D),/athlete/karl-williams
Karolina,Wojcik,,Women's Strawweight,1-0-0 (W-L-D),/athlete/karolina-wojcik
Danyelle,Wolf,,Women's Featherweight,1-1-0 (W-L-D),/athlete/danyelle-wolf
Nathaniel,Wood,"""The Prospect""",Featherweight,19-5-0 (W-L-D),/athlete/nathaniel-wood
Joanne,Wood,"""JoJo""",Women's Flyweight,15-8-0 (W-L-D),/athlete/joanne-wood
Sean,Woodson,"""The Sniper""",Featherweight,9-1-1 (W-L-D),/athlete/sean-woodson
Jordan,Wright,"""The Beverly Hills Ninja""",Light Heavyweight,12-5-0 (W-L-D),/athlete/jordan-wright
Rani,Yahya,,Bantamweight,28-10-1 (W-L-D),/athlete/rani-yahya
Qihui,Yan,,Women's Flyweight,0-1-0 (W-L-D),/athlete/qihui-yan
Petr,Yan,"""No Mercy""",Bantamweight,16-4-0 (W-L-D),/athlete/petr-yan
Xiaonan,Yan,,Women's Strawweight,16-3-0 (W-L-D),/athlete/xiaonan-yan
Adrian,Yanez,,Bantamweight,16-3-0 (W-L-D),/athlete/adrian-yanez
Ashley,Yoder,"""Spider Monkey""",Women's Strawweight,8-8-0 (W-L-D),/athlete/ashley-yoder
Sang,Hoon,,Lightweight,0-0-0 (W-L-D),/athlete/sang-hoon-yoo
Shane,Young,"""Maraenui""",Featherweight,13-7-0 (W-L-D),/athlete/shane-young
Sodiq,Yusuff,"""Super""",Featherweight,13-2-0 (W-L-D),/athlete/sodiq-yusuff
Aiemann,Zahabi,,Bantamweight,9-2-0 (W-L-D),/athlete/aiemann-zahabi
Joao,Zaiden,,Light Heavyweight,0-0-0 (W-L-D),/athlete/joao-zaiden
Zach,Zane,"""God's Warrior""",Featherweight,12-7-0 (W-L-D),/athlete/zach-zane
Daniel,Zellhuber,"""Golden Boy """,Lightweight,12-1-0 (W-L-D),/athlete/daniel-zellhuber
Yi,Zha,,Featherweight,21-4-0 (W-L-D),/athlete/yi-zha
Zhang,Weili,"""Magnum""",Women's Strawweight,23-3-0 (W-L-D),/athlete/weili-zhang
Shang,Zhifa,,Flyweight,0-1-0 (W-L-D),/athlete/filipe-lins-0
Zhalgas,Zhumagulov,,Flyweight,14-8-0 (W-L-D),/athlete/zhalgas-zhumagulov
Farès,Ziam,"""Smile Killer""",Lightweight,13-4-0 (W-L-D),/athlete/fares-ziam
